Any,Codi_districte,Nom_districte,Codi_barri,Nom_barri,Seccio_censal,Tipus_sup,Superficie_m2
2025,1,Ciutat Vella,1,el Raval,1,Superfície_locals,146477
2025,1,Ciutat Vella,1,el Raval,2,Superfície_locals,105058
2025,1,Ciutat Vella,1,el Raval,3,Superfície_locals,132108
2025,1,Ciutat Vella,1,el Raval,4,Superfície_locals,197767
2025,1,Ciutat Vella,1,el Raval,5,Superfície_locals,209318
2025,1,Ciutat Vella,1,el Raval,6,Superfície_locals,118656
2025,1,Ciutat Vella,1,el Raval,7,Superfície_locals,105057
2025,1,Ciutat Vella,1,el Raval,8,Superfície_locals,88474
2025,1,Ciutat Vella,1,el Raval,9,Superfície_locals,82897
2025,1,Ciutat Vella,1,el Raval,10,Superfície_locals,85932
2025,1,Ciutat Vella,1,el Raval,11,Superfície_locals,119000
2025,1,Ciutat Vella,1,el Raval,12,Superfície_locals,73181
2025,1,Ciutat Vella,1,el Raval,13,Superfície_locals,57474
2025,1,Ciutat Vella,1,el Raval,14,Superfície_locals,57728
2025,1,Ciutat Vella,1,el Raval,15,Superfície_locals,84343
2025,1,Ciutat Vella,1,el Raval,16,Superfície_locals,80900
2025,1,Ciutat Vella,1,el Raval,17,Superfície_locals,69987
2025,1,Ciutat Vella,1,el Raval,18,Superfície_locals,126689
2025,1,Ciutat Vella,1,el Raval,19,Superfície_locals,183030
2025,1,Ciutat Vella,1,el Raval,20,Superfície_locals,247853
2025,1,Ciutat Vella,1,el Raval,21,Superfície_locals,271489
2025,1,Ciutat Vella,2,el Barri Gòtic,22,Superfície_locals,296578
2025,1,Ciutat Vella,2,el Barri Gòtic,23,Superfície_locals,341286
2025,1,Ciutat Vella,2,el Barri Gòtic,25,Superfície_locals,226366
2025,1,Ciutat Vella,2,el Barri Gòtic,26,Superfície_locals,199328
2025,1,Ciutat Vella,2,el Barri Gòtic,27,Superfície_locals,176216
2025,1,Ciutat Vella,2,el Barri Gòtic,28,Superfície_locals,232334
2025,1,Ciutat Vella,2,el Barri Gòtic,29,Superfície_locals,150119
2025,1,Ciutat Vella,2,el Barri Gòtic,30,Superfície_locals,265035
2025,1,Ciutat Vella,2,el Barri Gòtic,31,Superfície_locals,143006
2025,1,Ciutat Vella,3,la Barceloneta,32,Superfície_locals,90080
2025,1,Ciutat Vella,3,la Barceloneta,33,Superfície_locals,35103
2025,1,Ciutat Vella,3,la Barceloneta,34,Superfície_locals,28450
2025,1,Ciutat Vella,3,la Barceloneta,35,Superfície_locals,37102
2025,1,Ciutat Vella,3,la Barceloneta,36,Superfície_locals,336431
2025,1,Ciutat Vella,3,la Barceloneta,37,Superfície_locals,48176
2025,1,Ciutat Vella,3,la Barceloneta,38,Superfície_locals,38746
2025,1,Ciutat Vella,3,la Barceloneta,39,Superfície_locals,54237
2025,1,Ciutat Vella,3,la Barceloneta,40,Superfície_locals,43780
2025,1,Ciutat Vella,3,la Barceloneta,41,Superfície_locals,46051
2025,1,Ciutat Vella,3,la Barceloneta,42,Superfície_locals,93305
2025,1,Ciutat Vella,4,"Sant Pere, Santa Caterina i la Ribera",43,Superfície_locals,331818
2025,1,Ciutat Vella,4,"Sant Pere, Santa Caterina i la Ribera",44,Superfície_locals,128522
2025,1,Ciutat Vella,4,"Sant Pere, Santa Caterina i la Ribera",45,Superfície_locals,152768
2025,1,Ciutat Vella,4,"Sant Pere, Santa Caterina i la Ribera",46,Superfície_locals,185316
2025,1,Ciutat Vella,4,"Sant Pere, Santa Caterina i la Ribera",47,Superfície_locals,163677
2025,1,Ciutat Vella,4,"Sant Pere, Santa Caterina i la Ribera",48,Superfície_locals,103595
2025,1,Ciutat Vella,4,"Sant Pere, Santa Caterina i la Ribera",49,Superfície_locals,100270
2025,1,Ciutat Vella,4,"Sant Pere, Santa Caterina i la Ribera",50,Superfície_locals,97816
2025,1,Ciutat Vella,4,"Sant Pere, Santa Caterina i la Ribera",51,Superfície_locals,84080
2025,1,Ciutat Vella,4,"Sant Pere, Santa Caterina i la Ribera",52,Superfície_locals,294916
2025,1,Ciutat Vella,4,"Sant Pere, Santa Caterina i la Ribera",53,Superfície_locals,100256
2025,1,Ciutat Vella,4,"Sant Pere, Santa Caterina i la Ribera",54,Superfície_locals,68356
2025,1,Ciutat Vella,4,"Sant Pere, Santa Caterina i la Ribera",55,Superfície_locals,144728
2025,2,L'Eixample,5,el Fort Pienc,1,Superfície_locals,169939
2025,2,L'Eixample,5,el Fort Pienc,2,Superfície_locals,102522
2025,2,L'Eixample,5,el Fort Pienc,3,Superfície_locals,69640
2025,2,L'Eixample,5,el Fort Pienc,4,Superfície_locals,78796
2025,2,L'Eixample,5,el Fort Pienc,5,Superfície_locals,155038
2025,2,L'Eixample,5,el Fort Pienc,6,Superfície_locals,109975
2025,2,L'Eixample,5,el Fort Pienc,7,Superfície_locals,94564
2025,2,L'Eixample,5,el Fort Pienc,8,Superfície_locals,143805
2025,2,L'Eixample,5,el Fort Pienc,9,Superfície_locals,123591
2025,2,L'Eixample,5,el Fort Pienc,10,Superfície_locals,71196
2025,2,L'Eixample,5,el Fort Pienc,11,Superfície_locals,61790
2025,2,L'Eixample,5,el Fort Pienc,12,Superfície_locals,85193
2025,2,L'Eixample,5,el Fort Pienc,13,Superfície_locals,134311
2025,2,L'Eixample,5,el Fort Pienc,14,Superfície_locals,60029
2025,2,L'Eixample,5,el Fort Pienc,15,Superfície_locals,87085
2025,2,L'Eixample,5,el Fort Pienc,16,Superfície_locals,129353
2025,2,L'Eixample,5,el Fort Pienc,17,Superfície_locals,131445
2025,2,L'Eixample,5,el Fort Pienc,18,Superfície_locals,107539
2025,2,L'Eixample,5,el Fort Pienc,19,Superfície_locals,121686
2025,2,L'Eixample,5,el Fort Pienc,20,Superfície_locals,105669
2025,2,L'Eixample,6,la Sagrada Família,21,Superfície_locals,73480
2025,2,L'Eixample,6,la Sagrada Família,22,Superfície_locals,82183
2025,2,L'Eixample,6,la Sagrada Família,23,Superfície_locals,57858
2025,2,L'Eixample,6,la Sagrada Família,24,Superfície_locals,57672
2025,2,L'Eixample,6,la Sagrada Família,25,Superfície_locals,59682
2025,2,L'Eixample,6,la Sagrada Família,26,Superfície_locals,122571
2025,2,L'Eixample,6,la Sagrada Família,27,Superfície_locals,110184
2025,2,L'Eixample,6,la Sagrada Família,28,Superfície_locals,118383
2025,2,L'Eixample,6,la Sagrada Família,29,Superfície_locals,63860
2025,2,L'Eixample,6,la Sagrada Família,30,Superfície_locals,64454
2025,2,L'Eixample,6,la Sagrada Família,31,Superfície_locals,67908
2025,2,L'Eixample,6,la Sagrada Família,32,Superfície_locals,87668
2025,2,L'Eixample,6,la Sagrada Família,33,Superfície_locals,57121
2025,2,L'Eixample,6,la Sagrada Família,34,Superfície_locals,53927
2025,2,L'Eixample,6,la Sagrada Família,35,Superfície_locals,71863
2025,2,L'Eixample,6,la Sagrada Família,36,Superfície_locals,74653
2025,2,L'Eixample,6,la Sagrada Família,37,Superfície_locals,68862
2025,2,L'Eixample,6,la Sagrada Família,38,Superfície_locals,155498
2025,2,L'Eixample,6,la Sagrada Família,39,Superfície_locals,81581
2025,2,L'Eixample,6,la Sagrada Família,40,Superfície_locals,72804
2025,2,L'Eixample,6,la Sagrada Família,41,Superfície_locals,107375
2025,2,L'Eixample,6,la Sagrada Família,42,Superfície_locals,106936
2025,2,L'Eixample,6,la Sagrada Família,43,Superfície_locals,83169
2025,2,L'Eixample,6,la Sagrada Família,44,Superfície_locals,69869
2025,2,L'Eixample,6,la Sagrada Família,45,Superfície_locals,66367
2025,2,L'Eixample,6,la Sagrada Família,46,Superfície_locals,85234
2025,2,L'Eixample,6,la Sagrada Família,47,Superfície_locals,100818
2025,2,L'Eixample,6,la Sagrada Família,48,Superfície_locals,71860
2025,2,L'Eixample,6,la Sagrada Família,49,Superfície_locals,133284
2025,2,L'Eixample,6,la Sagrada Família,50,Superfície_locals,91567
2025,2,L'Eixample,6,la Sagrada Família,51,Superfície_locals,112742
2025,2,L'Eixample,6,la Sagrada Família,52,Superfície_locals,98369
2025,2,L'Eixample,6,la Sagrada Família,53,Superfície_locals,136197
2025,2,L'Eixample,6,la Sagrada Família,54,Superfície_locals,129749
2025,2,L'Eixample,7,la Dreta de l'Eixample,55,Superfície_locals,109225
2025,2,L'Eixample,7,la Dreta de l'Eixample,56,Superfície_locals,162404
2025,2,L'Eixample,7,la Dreta de l'Eixample,57,Superfície_locals,97438
2025,2,L'Eixample,7,la Dreta de l'Eixample,58,Superfície_locals,98808
2025,2,L'Eixample,7,la Dreta de l'Eixample,59,Superfície_locals,133359
2025,2,L'Eixample,7,la Dreta de l'Eixample,60,Superfície_locals,143514
2025,2,L'Eixample,7,la Dreta de l'Eixample,61,Superfície_locals,112112
2025,2,L'Eixample,7,la Dreta de l'Eixample,62,Superfície_locals,128556
2025,2,L'Eixample,7,la Dreta de l'Eixample,63,Superfície_locals,145750
2025,2,L'Eixample,7,la Dreta de l'Eixample,64,Superfície_locals,136893
2025,2,L'Eixample,7,la Dreta de l'Eixample,65,Superfície_locals,177928
2025,2,L'Eixample,7,la Dreta de l'Eixample,66,Superfície_locals,132847
2025,2,L'Eixample,7,la Dreta de l'Eixample,67,Superfície_locals,103020
2025,2,L'Eixample,7,la Dreta de l'Eixample,68,Superfície_locals,107937
2025,2,L'Eixample,7,la Dreta de l'Eixample,69,Superfície_locals,148689
2025,2,L'Eixample,7,la Dreta de l'Eixample,70,Superfície_locals,158574
2025,2,L'Eixample,7,la Dreta de l'Eixample,71,Superfície_locals,187005
2025,2,L'Eixample,7,la Dreta de l'Eixample,72,Superfície_locals,167983
2025,2,L'Eixample,7,la Dreta de l'Eixample,73,Superfície_locals,202487
2025,2,L'Eixample,7,la Dreta de l'Eixample,74,Superfície_locals,178402
2025,2,L'Eixample,7,la Dreta de l'Eixample,75,Superfície_locals,182497
2025,2,L'Eixample,7,la Dreta de l'Eixample,76,Superfície_locals,251787
2025,2,L'Eixample,7,la Dreta de l'Eixample,77,Superfície_locals,823762
2025,2,L'Eixample,7,la Dreta de l'Eixample,78,Superfície_locals,445343
2025,2,L'Eixample,7,la Dreta de l'Eixample,79,Superfície_locals,501152
2025,2,L'Eixample,7,la Dreta de l'Eixample,80,Superfície_locals,427563
2025,2,L'Eixample,7,la Dreta de l'Eixample,81,Superfície_locals,465521
2025,2,L'Eixample,7,la Dreta de l'Eixample,82,Superfície_locals,217316
2025,2,L'Eixample,7,la Dreta de l'Eixample,83,Superfície_locals,462383
2025,2,L'Eixample,8,l'Antiga Esquerra de l'Eixample,84,Superfície_locals,230525
2025,2,L'Eixample,8,l'Antiga Esquerra de l'Eixample,85,Superfície_locals,252765
2025,2,L'Eixample,8,l'Antiga Esquerra de l'Eixample,86,Superfície_locals,148232
2025,2,L'Eixample,8,l'Antiga Esquerra de l'Eixample,87,Superfície_locals,115697
2025,2,L'Eixample,8,l'Antiga Esquerra de l'Eixample,88,Superfície_locals,197880
2025,2,L'Eixample,8,l'Antiga Esquerra de l'Eixample,89,Superfície_locals,188640
2025,2,L'Eixample,8,l'Antiga Esquerra de l'Eixample,90,Superfície_locals,161520
2025,2,L'Eixample,8,l'Antiga Esquerra de l'Eixample,91,Superfície_locals,242723
2025,2,L'Eixample,8,l'Antiga Esquerra de l'Eixample,92,Superfície_locals,188816
2025,2,L'Eixample,8,l'Antiga Esquerra de l'Eixample,93,Superfície_locals,135733
2025,2,L'Eixample,8,l'Antiga Esquerra de l'Eixample,94,Superfície_locals,143744
2025,2,L'Eixample,8,l'Antiga Esquerra de l'Eixample,95,Superfície_locals,109138
2025,2,L'Eixample,8,l'Antiga Esquerra de l'Eixample,96,Superfície_locals,110441
2025,2,L'Eixample,8,l'Antiga Esquerra de l'Eixample,97,Superfície_locals,72746
2025,2,L'Eixample,8,l'Antiga Esquerra de l'Eixample,98,Superfície_locals,118202
2025,2,L'Eixample,8,l'Antiga Esquerra de l'Eixample,99,Superfície_locals,103153
2025,2,L'Eixample,8,l'Antiga Esquerra de l'Eixample,100,Superfície_locals,96462
2025,2,L'Eixample,8,l'Antiga Esquerra de l'Eixample,101,Superfície_locals,142207
2025,2,L'Eixample,8,l'Antiga Esquerra de l'Eixample,102,Superfície_locals,121113
2025,2,L'Eixample,8,l'Antiga Esquerra de l'Eixample,103,Superfície_locals,257390
2025,2,L'Eixample,8,l'Antiga Esquerra de l'Eixample,104,Superfície_locals,90270
2025,2,L'Eixample,8,l'Antiga Esquerra de l'Eixample,105,Superfície_locals,136248
2025,2,L'Eixample,8,l'Antiga Esquerra de l'Eixample,106,Superfície_locals,126145
2025,2,L'Eixample,8,l'Antiga Esquerra de l'Eixample,107,Superfície_locals,163495
2025,2,L'Eixample,8,l'Antiga Esquerra de l'Eixample,108,Superfície_locals,230206
2025,2,L'Eixample,8,l'Antiga Esquerra de l'Eixample,109,Superfície_locals,166725
2025,2,L'Eixample,9,la Nova Esquerra de l'Eixample,110,Superfície_locals,290117
2025,2,L'Eixample,9,la Nova Esquerra de l'Eixample,111,Superfície_locals,113056
2025,2,L'Eixample,9,la Nova Esquerra de l'Eixample,112,Superfície_locals,103924
2025,2,L'Eixample,9,la Nova Esquerra de l'Eixample,113,Superfície_locals,171020
2025,2,L'Eixample,9,la Nova Esquerra de l'Eixample,114,Superfície_locals,102570
2025,2,L'Eixample,9,la Nova Esquerra de l'Eixample,115,Superfície_locals,66606
2025,2,L'Eixample,9,la Nova Esquerra de l'Eixample,116,Superfície_locals,69961
2025,2,L'Eixample,9,la Nova Esquerra de l'Eixample,117,Superfície_locals,81771
2025,2,L'Eixample,9,la Nova Esquerra de l'Eixample,118,Superfície_locals,125069
2025,2,L'Eixample,9,la Nova Esquerra de l'Eixample,119,Superfície_locals,79781
2025,2,L'Eixample,9,la Nova Esquerra de l'Eixample,120,Superfície_locals,68822
2025,2,L'Eixample,9,la Nova Esquerra de l'Eixample,121,Superfície_locals,145740
2025,2,L'Eixample,9,la Nova Esquerra de l'Eixample,122,Superfície_locals,78255
2025,2,L'Eixample,9,la Nova Esquerra de l'Eixample,123,Superfície_locals,60840
2025,2,L'Eixample,9,la Nova Esquerra de l'Eixample,124,Superfície_locals,77273
2025,2,L'Eixample,9,la Nova Esquerra de l'Eixample,125,Superfície_locals,97737
2025,2,L'Eixample,9,la Nova Esquerra de l'Eixample,126,Superfície_locals,136143
2025,2,L'Eixample,9,la Nova Esquerra de l'Eixample,127,Superfície_locals,150938
2025,2,L'Eixample,9,la Nova Esquerra de l'Eixample,128,Superfície_locals,66039
2025,2,L'Eixample,9,la Nova Esquerra de l'Eixample,129,Superfície_locals,95414
2025,2,L'Eixample,9,la Nova Esquerra de l'Eixample,130,Superfície_locals,131978
2025,2,L'Eixample,9,la Nova Esquerra de l'Eixample,131,Superfície_locals,69583
2025,2,L'Eixample,9,la Nova Esquerra de l'Eixample,132,Superfície_locals,63157
2025,2,L'Eixample,9,la Nova Esquerra de l'Eixample,133,Superfície_locals,57445
2025,2,L'Eixample,9,la Nova Esquerra de l'Eixample,134,Superfície_locals,75514
2025,2,L'Eixample,9,la Nova Esquerra de l'Eixample,135,Superfície_locals,129374
2025,2,L'Eixample,9,la Nova Esquerra de l'Eixample,136,Superfície_locals,53758
2025,2,L'Eixample,9,la Nova Esquerra de l'Eixample,137,Superfície_locals,90385
2025,2,L'Eixample,9,la Nova Esquerra de l'Eixample,138,Superfície_locals,127535
2025,2,L'Eixample,9,la Nova Esquerra de l'Eixample,139,Superfície_locals,105725
2025,2,L'Eixample,9,la Nova Esquerra de l'Eixample,140,Superfície_locals,112231
2025,2,L'Eixample,9,la Nova Esquerra de l'Eixample,141,Superfície_locals,75565
2025,2,L'Eixample,9,la Nova Esquerra de l'Eixample,142,Superfície_locals,116312
2025,2,L'Eixample,9,la Nova Esquerra de l'Eixample,143,Superfície_locals,102273
2025,2,L'Eixample,9,la Nova Esquerra de l'Eixample,144,Superfície_locals,111645
2025,2,L'Eixample,9,la Nova Esquerra de l'Eixample,145,Superfície_locals,112795
2025,2,L'Eixample,9,la Nova Esquerra de l'Eixample,146,Superfície_locals,70272
2025,2,L'Eixample,9,la Nova Esquerra de l'Eixample,147,Superfície_locals,121387
2025,2,L'Eixample,9,la Nova Esquerra de l'Eixample,148,Superfície_locals,114446
2025,2,L'Eixample,9,la Nova Esquerra de l'Eixample,149,Superfície_locals,231751
2025,2,L'Eixample,10,Sant Antoni,150,Superfície_locals,83831
2025,2,L'Eixample,10,Sant Antoni,151,Superfície_locals,96124
2025,2,L'Eixample,10,Sant Antoni,152,Superfície_locals,77799
2025,2,L'Eixample,10,Sant Antoni,153,Superfície_locals,84785
2025,2,L'Eixample,10,Sant Antoni,154,Superfície_locals,58368
2025,2,L'Eixample,10,Sant Antoni,155,Superfície_locals,93256
2025,2,L'Eixample,10,Sant Antoni,156,Superfície_locals,75133
2025,2,L'Eixample,10,Sant Antoni,157,Superfície_locals,57365
2025,2,L'Eixample,10,Sant Antoni,158,Superfície_locals,118099
2025,2,L'Eixample,10,Sant Antoni,159,Superfície_locals,132742
2025,2,L'Eixample,10,Sant Antoni,160,Superfície_locals,130088
2025,2,L'Eixample,10,Sant Antoni,161,Superfície_locals,67064
2025,2,L'Eixample,10,Sant Antoni,162,Superfície_locals,65438
2025,2,L'Eixample,10,Sant Antoni,163,Superfície_locals,135225
2025,2,L'Eixample,10,Sant Antoni,164,Superfície_locals,163581
2025,2,L'Eixample,10,Sant Antoni,165,Superfície_locals,120133
2025,2,L'Eixample,10,Sant Antoni,166,Superfície_locals,150537
2025,2,L'Eixample,10,Sant Antoni,167,Superfície_locals,129945
2025,2,L'Eixample,10,Sant Antoni,168,Superfície_locals,146101
2025,2,L'Eixample,10,Sant Antoni,169,Superfície_locals,96872
2025,2,L'Eixample,10,Sant Antoni,170,Superfície_locals,89565
2025,2,L'Eixample,10,Sant Antoni,171,Superfície_locals,86082
2025,2,L'Eixample,10,Sant Antoni,172,Superfície_locals,96789
2025,2,L'Eixample,10,Sant Antoni,173,Superfície_locals,88800
2025,3,Sants-Montjuïc,11,el Poble Sec,1,Superfície_locals,84102
2025,3,Sants-Montjuïc,11,el Poble Sec,2,Superfície_locals,82024
2025,3,Sants-Montjuïc,11,el Poble Sec,3,Superfície_locals,57523
2025,3,Sants-Montjuïc,11,el Poble Sec,4,Superfície_locals,71606
2025,3,Sants-Montjuïc,11,el Poble Sec,5,Superfície_locals,150657
2025,3,Sants-Montjuïc,11,el Poble Sec,6,Superfície_locals,54077
2025,3,Sants-Montjuïc,11,el Poble Sec,7,Superfície_locals,65957
2025,3,Sants-Montjuïc,11,el Poble Sec,8,Superfície_locals,48663
2025,3,Sants-Montjuïc,11,el Poble Sec,9,Superfície_locals,57650
2025,3,Sants-Montjuïc,11,el Poble Sec,10,Superfície_locals,71250
2025,3,Sants-Montjuïc,11,el Poble Sec,11,Superfície_locals,60365
2025,3,Sants-Montjuïc,11,el Poble Sec,12,Superfície_locals,90858
2025,3,Sants-Montjuïc,11,el Poble Sec,13,Superfície_locals,63975
2025,3,Sants-Montjuïc,11,el Poble Sec,14,Superfície_locals,63169
2025,3,Sants-Montjuïc,11,el Poble Sec,15,Superfície_locals,130843
2025,3,Sants-Montjuïc,11,el Poble Sec,16,Superfície_locals,73721
2025,3,Sants-Montjuïc,11,el Poble Sec,17,Superfície_locals,62838
2025,3,Sants-Montjuïc,11,el Poble Sec,18,Superfície_locals,68365
2025,3,Sants-Montjuïc,11,el Poble Sec,19,Superfície_locals,142017
2025,3,Sants-Montjuïc,11,el Poble Sec,20,Superfície_locals,115831
2025,3,Sants-Montjuïc,11,el Poble Sec,21,Superfície_locals,54821
2025,3,Sants-Montjuïc,11,el Poble Sec,22,Superfície_locals,64531
2025,3,Sants-Montjuïc,11,el Poble Sec,23,Superfície_locals,65731
2025,3,Sants-Montjuïc,11,el Poble Sec,24,Superfície_locals,729133
2025,3,Sants-Montjuïc,12,la Marina del Prat Vermell,25,Superfície_locals,3458432
2025,3,Sants-Montjuïc,13,la Marina de Port,26,Superfície_locals,169091
2025,3,Sants-Montjuïc,13,la Marina de Port,27,Superfície_locals,73891
2025,3,Sants-Montjuïc,13,la Marina de Port,28,Superfície_locals,165479
2025,3,Sants-Montjuïc,13,la Marina de Port,29,Superfície_locals,52129
2025,3,Sants-Montjuïc,13,la Marina de Port,30,Superfície_locals,268777
2025,3,Sants-Montjuïc,13,la Marina de Port,31,Superfície_locals,113267
2025,3,Sants-Montjuïc,13,la Marina de Port,32,Superfície_locals,123412
2025,3,Sants-Montjuïc,13,la Marina de Port,33,Superfície_locals,46955
2025,3,Sants-Montjuïc,13,la Marina de Port,34,Superfície_locals,67667
2025,3,Sants-Montjuïc,13,la Marina de Port,35,Superfície_locals,97382
2025,3,Sants-Montjuïc,13,la Marina de Port,36,Superfície_locals,163576
2025,3,Sants-Montjuïc,13,la Marina de Port,37,Superfície_locals,44574
2025,3,Sants-Montjuïc,13,la Marina de Port,38,Superfície_locals,95633
2025,3,Sants-Montjuïc,13,la Marina de Port,39,Superfície_locals,77947
2025,3,Sants-Montjuïc,13,la Marina de Port,211,Superfície_locals,72189
2025,3,Sants-Montjuïc,13,la Marina de Port,212,Superfície_locals,102359
2025,3,Sants-Montjuïc,13,la Marina de Port,213,Superfície_locals,75452
2025,3,Sants-Montjuïc,14,la Font de la Guatlla,40,Superfície_locals,90204
2025,3,Sants-Montjuïc,14,la Font de la Guatlla,41,Superfície_locals,61173
2025,3,Sants-Montjuïc,14,la Font de la Guatlla,42,Superfície_locals,77866
2025,3,Sants-Montjuïc,14,la Font de la Guatlla,43,Superfície_locals,90599
2025,3,Sants-Montjuïc,14,la Font de la Guatlla,44,Superfície_locals,86888
2025,3,Sants-Montjuïc,14,la Font de la Guatlla,45,Superfície_locals,65329
2025,3,Sants-Montjuïc,14,la Font de la Guatlla,46,Superfície_locals,94734
2025,3,Sants-Montjuïc,15,Hostafrancs,47,Superfície_locals,164618
2025,3,Sants-Montjuïc,15,Hostafrancs,48,Superfície_locals,206908
2025,3,Sants-Montjuïc,15,Hostafrancs,49,Superfície_locals,89984
2025,3,Sants-Montjuïc,15,Hostafrancs,50,Superfície_locals,96032
2025,3,Sants-Montjuïc,15,Hostafrancs,51,Superfície_locals,84948
2025,3,Sants-Montjuïc,15,Hostafrancs,52,Superfície_locals,73201
2025,3,Sants-Montjuïc,15,Hostafrancs,53,Superfície_locals,118512
2025,3,Sants-Montjuïc,15,Hostafrancs,54,Superfície_locals,91031
2025,3,Sants-Montjuïc,15,Hostafrancs,55,Superfície_locals,96465
2025,3,Sants-Montjuïc,15,Hostafrancs,56,Superfície_locals,42148
2025,3,Sants-Montjuïc,16,la Bordeta,57,Superfície_locals,76815
2025,3,Sants-Montjuïc,16,la Bordeta,58,Superfície_locals,119598
2025,3,Sants-Montjuïc,16,la Bordeta,59,Superfície_locals,58165
2025,3,Sants-Montjuïc,16,la Bordeta,60,Superfície_locals,66249
2025,3,Sants-Montjuïc,16,la Bordeta,61,Superfície_locals,48624
2025,3,Sants-Montjuïc,16,la Bordeta,62,Superfície_locals,68536
2025,3,Sants-Montjuïc,16,la Bordeta,63,Superfície_locals,118567
2025,3,Sants-Montjuïc,16,la Bordeta,64,Superfície_locals,214176
2025,3,Sants-Montjuïc,16,la Bordeta,65,Superfície_locals,57344
2025,3,Sants-Montjuïc,16,la Bordeta,66,Superfície_locals,101348
2025,3,Sants-Montjuïc,16,la Bordeta,67,Superfície_locals,81586
2025,3,Sants-Montjuïc,16,la Bordeta,68,Superfície_locals,48477
2025,3,Sants-Montjuïc,16,la Bordeta,69,Superfície_locals,71992
2025,3,Sants-Montjuïc,17,Sants-Badal,70,Superfície_locals,59995
2025,3,Sants-Montjuïc,17,Sants-Badal,71,Superfície_locals,57755
2025,3,Sants-Montjuïc,17,Sants-Badal,72,Superfície_locals,60351
2025,3,Sants-Montjuïc,17,Sants-Badal,73,Superfície_locals,70930
2025,3,Sants-Montjuïc,17,Sants-Badal,74,Superfície_locals,99727
2025,3,Sants-Montjuïc,17,Sants-Badal,75,Superfície_locals,90317
2025,3,Sants-Montjuïc,17,Sants-Badal,76,Superfície_locals,49014
2025,3,Sants-Montjuïc,17,Sants-Badal,77,Superfície_locals,64961
2025,3,Sants-Montjuïc,17,Sants-Badal,78,Superfície_locals,88106
2025,3,Sants-Montjuïc,17,Sants-Badal,79,Superfície_locals,72663
2025,3,Sants-Montjuïc,17,Sants-Badal,80,Superfície_locals,69990
2025,3,Sants-Montjuïc,17,Sants-Badal,81,Superfície_locals,96039
2025,3,Sants-Montjuïc,17,Sants-Badal,82,Superfície_locals,99496
2025,3,Sants-Montjuïc,17,Sants-Badal,83,Superfície_locals,73471
2025,3,Sants-Montjuïc,17,Sants-Badal,84,Superfície_locals,71950
2025,3,Sants-Montjuïc,17,Sants-Badal,85,Superfície_locals,68162
2025,3,Sants-Montjuïc,18,Sants,86,Superfície_locals,88126
2025,3,Sants-Montjuïc,18,Sants,87,Superfície_locals,79839
2025,3,Sants-Montjuïc,18,Sants,88,Superfície_locals,70078
2025,3,Sants-Montjuïc,18,Sants,89,Superfície_locals,66330
2025,3,Sants-Montjuïc,18,Sants,90,Superfície_locals,69497
2025,3,Sants-Montjuïc,18,Sants,91,Superfície_locals,79434
2025,3,Sants-Montjuïc,18,Sants,92,Superfície_locals,65072
2025,3,Sants-Montjuïc,18,Sants,93,Superfície_locals,78487
2025,3,Sants-Montjuïc,18,Sants,94,Superfície_locals,78630
2025,3,Sants-Montjuïc,18,Sants,95,Superfície_locals,73413
2025,3,Sants-Montjuïc,18,Sants,96,Superfície_locals,81120
2025,3,Sants-Montjuïc,18,Sants,97,Superfície_locals,59624
2025,3,Sants-Montjuïc,18,Sants,98,Superfície_locals,66882
2025,3,Sants-Montjuïc,18,Sants,99,Superfície_locals,55341
2025,3,Sants-Montjuïc,18,Sants,100,Superfície_locals,77856
2025,3,Sants-Montjuïc,18,Sants,101,Superfície_locals,87744
2025,3,Sants-Montjuïc,18,Sants,102,Superfície_locals,62589
2025,3,Sants-Montjuïc,18,Sants,103,Superfície_locals,61303
2025,3,Sants-Montjuïc,18,Sants,104,Superfície_locals,75841
2025,3,Sants-Montjuïc,18,Sants,105,Superfície_locals,69708
2025,3,Sants-Montjuïc,18,Sants,106,Superfície_locals,248260
2025,3,Sants-Montjuïc,18,Sants,107,Superfície_locals,161682
2025,3,Sants-Montjuïc,18,Sants,108,Superfície_locals,78726
2025,3,Sants-Montjuïc,18,Sants,109,Superfície_locals,78901
2025,3,Sants-Montjuïc,18,Sants,110,Superfície_locals,95847
2025,3,Sants-Montjuïc,18,Sants,111,Superfície_locals,65158
2025,3,Sants-Montjuïc,18,Sants,112,Superfície_locals,122505
2025,3,Sants-Montjuïc,18,Sants,113,Superfície_locals,139172
2025,3,Sants-Montjuïc,18,Sants,114,Superfície_locals,114397
2025,4,Les Corts,19,les Corts,1,Superfície_locals,65315
2025,4,Les Corts,19,les Corts,2,Superfície_locals,140992
2025,4,Les Corts,19,les Corts,3,Superfície_locals,67105
2025,4,Les Corts,19,les Corts,4,Superfície_locals,64500
2025,4,Les Corts,19,les Corts,5,Superfície_locals,73181
2025,4,Les Corts,19,les Corts,6,Superfície_locals,67574
2025,4,Les Corts,19,les Corts,7,Superfície_locals,78624
2025,4,Les Corts,19,les Corts,8,Superfície_locals,59197
2025,4,Les Corts,19,les Corts,9,Superfície_locals,87774
2025,4,Les Corts,19,les Corts,10,Superfície_locals,55336
2025,4,Les Corts,19,les Corts,11,Superfície_locals,120870
2025,4,Les Corts,19,les Corts,12,Superfície_locals,76448
2025,4,Les Corts,19,les Corts,13,Superfície_locals,80077
2025,4,Les Corts,19,les Corts,14,Superfície_locals,66951
2025,4,Les Corts,19,les Corts,15,Superfície_locals,110599
2025,4,Les Corts,19,les Corts,16,Superfície_locals,69767
2025,4,Les Corts,19,les Corts,17,Superfície_locals,102164
2025,4,Les Corts,19,les Corts,18,Superfície_locals,131701
2025,4,Les Corts,19,les Corts,19,Superfície_locals,183784
2025,4,Les Corts,19,les Corts,20,Superfície_locals,105496
2025,4,Les Corts,19,les Corts,21,Superfície_locals,140999
2025,4,Les Corts,19,les Corts,22,Superfície_locals,316228
2025,4,Les Corts,19,les Corts,23,Superfície_locals,194413
2025,4,Les Corts,19,les Corts,24,Superfície_locals,179255
2025,4,Les Corts,19,les Corts,25,Superfície_locals,79680
2025,4,Les Corts,19,les Corts,26,Superfície_locals,75064
2025,4,Les Corts,19,les Corts,27,Superfície_locals,158438
2025,4,Les Corts,19,les Corts,28,Superfície_locals,150167
2025,4,Les Corts,19,les Corts,29,Superfície_locals,250406
2025,4,Les Corts,19,les Corts,30,Superfície_locals,129666
2025,4,Les Corts,19,les Corts,31,Superfície_locals,86341
2025,4,Les Corts,19,les Corts,32,Superfície_locals,80621
2025,4,Les Corts,19,les Corts,33,Superfície_locals,65464
2025,4,Les Corts,19,les Corts,34,Superfície_locals,85977
2025,4,Les Corts,19,les Corts,35,Superfície_locals,85783
2025,4,Les Corts,20,la Maternitat i Sant Ramon,36,Superfície_locals,98596
2025,4,Les Corts,20,la Maternitat i Sant Ramon,37,Superfície_locals,136573
2025,4,Les Corts,20,la Maternitat i Sant Ramon,38,Superfície_locals,60657
2025,4,Les Corts,20,la Maternitat i Sant Ramon,39,Superfície_locals,67223
2025,4,Les Corts,20,la Maternitat i Sant Ramon,40,Superfície_locals,70766
2025,4,Les Corts,20,la Maternitat i Sant Ramon,41,Superfície_locals,59939
2025,4,Les Corts,20,la Maternitat i Sant Ramon,42,Superfície_locals,82361
2025,4,Les Corts,20,la Maternitat i Sant Ramon,43,Superfície_locals,137233
2025,4,Les Corts,20,la Maternitat i Sant Ramon,44,Superfície_locals,95552
2025,4,Les Corts,20,la Maternitat i Sant Ramon,45,Superfície_locals,65800
2025,4,Les Corts,20,la Maternitat i Sant Ramon,46,Superfície_locals,161538
2025,4,Les Corts,20,la Maternitat i Sant Ramon,47,Superfície_locals,329735
2025,4,Les Corts,20,la Maternitat i Sant Ramon,48,Superfície_locals,83326
2025,4,Les Corts,20,la Maternitat i Sant Ramon,49,Superfície_locals,1078665
2025,4,Les Corts,20,la Maternitat i Sant Ramon,84,Superfície_locals,85580
2025,4,Les Corts,21,Pedralbes,50,Superfície_locals,167628
2025,4,Les Corts,21,Pedralbes,51,Superfície_locals,98344
2025,4,Les Corts,21,Pedralbes,52,Superfície_locals,244698
2025,4,Les Corts,21,Pedralbes,53,Superfície_locals,371968
2025,4,Les Corts,21,Pedralbes,54,Superfície_locals,89044
2025,4,Les Corts,21,Pedralbes,55,Superfície_locals,212421
2025,4,Les Corts,21,Pedralbes,56,Superfície_locals,413378
2025,5,Sarrià-Sant Gervasi,22,"Vallvidrera, el Tibidabo i les Planes",1,Superfície_locals,98096
2025,5,Sarrià-Sant Gervasi,22,"Vallvidrera, el Tibidabo i les Planes",2,Superfície_locals,191916
2025,5,Sarrià-Sant Gervasi,22,"Vallvidrera, el Tibidabo i les Planes",3,Superfície_locals,103977
2025,5,Sarrià-Sant Gervasi,23,Sarrià,4,Superfície_locals,178656
2025,5,Sarrià-Sant Gervasi,23,Sarrià,5,Superfície_locals,145741
2025,5,Sarrià-Sant Gervasi,23,Sarrià,6,Superfície_locals,245508
2025,5,Sarrià-Sant Gervasi,23,Sarrià,7,Superfície_locals,138947
2025,5,Sarrià-Sant Gervasi,23,Sarrià,8,Superfície_locals,231765
2025,5,Sarrià-Sant Gervasi,23,Sarrià,9,Superfície_locals,134698
2025,5,Sarrià-Sant Gervasi,23,Sarrià,10,Superfície_locals,102323
2025,5,Sarrià-Sant Gervasi,23,Sarrià,11,Superfície_locals,86643
2025,5,Sarrià-Sant Gervasi,23,Sarrià,12,Superfície_locals,116609
2025,5,Sarrià-Sant Gervasi,23,Sarrià,13,Superfície_locals,91378
2025,5,Sarrià-Sant Gervasi,23,Sarrià,14,Superfície_locals,111565
2025,5,Sarrià-Sant Gervasi,23,Sarrià,15,Superfície_locals,109067
2025,5,Sarrià-Sant Gervasi,23,Sarrià,16,Superfície_locals,95887
2025,5,Sarrià-Sant Gervasi,23,Sarrià,17,Superfície_locals,124964
2025,5,Sarrià-Sant Gervasi,23,Sarrià,18,Superfície_locals,86636
2025,5,Sarrià-Sant Gervasi,23,Sarrià,19,Superfície_locals,137298
2025,5,Sarrià-Sant Gervasi,24,les Tres Torres,20,Superfície_locals,84778
2025,5,Sarrià-Sant Gervasi,24,les Tres Torres,21,Superfície_locals,169449
2025,5,Sarrià-Sant Gervasi,24,les Tres Torres,22,Superfície_locals,157655
2025,5,Sarrià-Sant Gervasi,24,les Tres Torres,23,Superfície_locals,139302
2025,5,Sarrià-Sant Gervasi,24,les Tres Torres,24,Superfície_locals,166247
2025,5,Sarrià-Sant Gervasi,24,les Tres Torres,25,Superfície_locals,136632
2025,5,Sarrià-Sant Gervasi,24,les Tres Torres,26,Superfície_locals,109818
2025,5,Sarrià-Sant Gervasi,24,les Tres Torres,27,Superfície_locals,139766
2025,5,Sarrià-Sant Gervasi,24,les Tres Torres,28,Superfície_locals,117854
2025,5,Sarrià-Sant Gervasi,24,les Tres Torres,29,Superfície_locals,158732
2025,5,Sarrià-Sant Gervasi,24,les Tres Torres,30,Superfície_locals,139059
2025,5,Sarrià-Sant Gervasi,25,Sant Gervasi- la Bonanova,31,Superfície_locals,297061
2025,5,Sarrià-Sant Gervasi,25,Sant Gervasi- la Bonanova,32,Superfície_locals,367898
2025,5,Sarrià-Sant Gervasi,25,Sant Gervasi- la Bonanova,33,Superfície_locals,272148
2025,5,Sarrià-Sant Gervasi,25,Sant Gervasi- la Bonanova,34,Superfície_locals,126379
2025,5,Sarrià-Sant Gervasi,25,Sant Gervasi- la Bonanova,35,Superfície_locals,98962
2025,5,Sarrià-Sant Gervasi,25,Sant Gervasi- la Bonanova,36,Superfície_locals,141601
2025,5,Sarrià-Sant Gervasi,25,Sant Gervasi- la Bonanova,37,Superfície_locals,98108
2025,5,Sarrià-Sant Gervasi,25,Sant Gervasi- la Bonanova,38,Superfície_locals,121532
2025,5,Sarrià-Sant Gervasi,25,Sant Gervasi- la Bonanova,39,Superfície_locals,122551
2025,5,Sarrià-Sant Gervasi,25,Sant Gervasi- la Bonanova,40,Superfície_locals,95163
2025,5,Sarrià-Sant Gervasi,25,Sant Gervasi- la Bonanova,41,Superfície_locals,121593
2025,5,Sarrià-Sant Gervasi,25,Sant Gervasi- la Bonanova,42,Superfície_locals,99562
2025,5,Sarrià-Sant Gervasi,25,Sant Gervasi- la Bonanova,43,Superfície_locals,101941
2025,5,Sarrià-Sant Gervasi,25,Sant Gervasi- la Bonanova,44,Superfície_locals,78967
2025,5,Sarrià-Sant Gervasi,25,Sant Gervasi- la Bonanova,45,Superfície_locals,126452
2025,5,Sarrià-Sant Gervasi,25,Sant Gervasi- la Bonanova,46,Superfície_locals,110616
2025,5,Sarrià-Sant Gervasi,25,Sant Gervasi- la Bonanova,47,Superfície_locals,87265
2025,5,Sarrià-Sant Gervasi,25,Sant Gervasi- la Bonanova,48,Superfície_locals,132398
2025,5,Sarrià-Sant Gervasi,26,Sant Gervasi- Galvany,49,Superfície_locals,195580
2025,5,Sarrià-Sant Gervasi,26,Sant Gervasi- Galvany,50,Superfície_locals,135933
2025,5,Sarrià-Sant Gervasi,26,Sant Gervasi- Galvany,51,Superfície_locals,179726
2025,5,Sarrià-Sant Gervasi,26,Sant Gervasi- Galvany,52,Superfície_locals,160769
2025,5,Sarrià-Sant Gervasi,26,Sant Gervasi- Galvany,53,Superfície_locals,165337
2025,5,Sarrià-Sant Gervasi,26,Sant Gervasi- Galvany,54,Superfície_locals,117743
2025,5,Sarrià-Sant Gervasi,26,Sant Gervasi- Galvany,55,Superfície_locals,151387
2025,5,Sarrià-Sant Gervasi,26,Sant Gervasi- Galvany,56,Superfície_locals,161245
2025,5,Sarrià-Sant Gervasi,26,Sant Gervasi- Galvany,57,Superfície_locals,206545
2025,5,Sarrià-Sant Gervasi,26,Sant Gervasi- Galvany,58,Superfície_locals,156605
2025,5,Sarrià-Sant Gervasi,26,Sant Gervasi- Galvany,59,Superfície_locals,205087
2025,5,Sarrià-Sant Gervasi,26,Sant Gervasi- Galvany,60,Superfície_locals,111077
2025,5,Sarrià-Sant Gervasi,26,Sant Gervasi- Galvany,61,Superfície_locals,146523
2025,5,Sarrià-Sant Gervasi,26,Sant Gervasi- Galvany,62,Superfície_locals,119249
2025,5,Sarrià-Sant Gervasi,26,Sant Gervasi- Galvany,63,Superfície_locals,166146
2025,5,Sarrià-Sant Gervasi,26,Sant Gervasi- Galvany,64,Superfície_locals,140574
2025,5,Sarrià-Sant Gervasi,26,Sant Gervasi- Galvany,65,Superfície_locals,195048
2025,5,Sarrià-Sant Gervasi,26,Sant Gervasi- Galvany,66,Superfície_locals,205787
2025,5,Sarrià-Sant Gervasi,26,Sant Gervasi- Galvany,67,Superfície_locals,358927
2025,5,Sarrià-Sant Gervasi,26,Sant Gervasi- Galvany,68,Superfície_locals,269106
2025,5,Sarrià-Sant Gervasi,26,Sant Gervasi- Galvany,69,Superfície_locals,169960
2025,5,Sarrià-Sant Gervasi,26,Sant Gervasi- Galvany,70,Superfície_locals,125336
2025,5,Sarrià-Sant Gervasi,26,Sant Gervasi- Galvany,71,Superfície_locals,220046
2025,5,Sarrià-Sant Gervasi,26,Sant Gervasi- Galvany,72,Superfície_locals,124917
2025,5,Sarrià-Sant Gervasi,26,Sant Gervasi- Galvany,73,Superfície_locals,141745
2025,5,Sarrià-Sant Gervasi,26,Sant Gervasi- Galvany,74,Superfície_locals,137590
2025,5,Sarrià-Sant Gervasi,26,Sant Gervasi- Galvany,75,Superfície_locals,190367
2025,5,Sarrià-Sant Gervasi,26,Sant Gervasi- Galvany,76,Superfície_locals,124246
2025,5,Sarrià-Sant Gervasi,26,Sant Gervasi- Galvany,77,Superfície_locals,113938
2025,5,Sarrià-Sant Gervasi,26,Sant Gervasi- Galvany,78,Superfície_locals,158460
2025,5,Sarrià-Sant Gervasi,26,Sant Gervasi- Galvany,79,Superfície_locals,85438
2025,5,Sarrià-Sant Gervasi,27,el Putxet i el Farró,80,Superfície_locals,97599
2025,5,Sarrià-Sant Gervasi,27,el Putxet i el Farró,81,Superfície_locals,131645
2025,5,Sarrià-Sant Gervasi,27,el Putxet i el Farró,82,Superfície_locals,125087
2025,5,Sarrià-Sant Gervasi,27,el Putxet i el Farró,83,Superfície_locals,114461
2025,5,Sarrià-Sant Gervasi,27,el Putxet i el Farró,84,Superfície_locals,80999
2025,5,Sarrià-Sant Gervasi,27,el Putxet i el Farró,85,Superfície_locals,83636
2025,5,Sarrià-Sant Gervasi,27,el Putxet i el Farró,86,Superfície_locals,91172
2025,5,Sarrià-Sant Gervasi,27,el Putxet i el Farró,87,Superfície_locals,118270
2025,5,Sarrià-Sant Gervasi,27,el Putxet i el Farró,88,Superfície_locals,117703
2025,5,Sarrià-Sant Gervasi,27,el Putxet i el Farró,89,Superfície_locals,145325
2025,5,Sarrià-Sant Gervasi,27,el Putxet i el Farró,90,Superfície_locals,117226
2025,5,Sarrià-Sant Gervasi,27,el Putxet i el Farró,91,Superfície_locals,86993
2025,5,Sarrià-Sant Gervasi,27,el Putxet i el Farró,92,Superfície_locals,139912
2025,5,Sarrià-Sant Gervasi,27,el Putxet i el Farró,93,Superfície_locals,93996
2025,5,Sarrià-Sant Gervasi,27,el Putxet i el Farró,94,Superfície_locals,222650
2025,5,Sarrià-Sant Gervasi,27,el Putxet i el Farró,95,Superfície_locals,96048
2025,5,Sarrià-Sant Gervasi,27,el Putxet i el Farró,96,Superfície_locals,68068
2025,5,Sarrià-Sant Gervasi,27,el Putxet i el Farró,97,Superfície_locals,108004
2025,5,Sarrià-Sant Gervasi,27,el Putxet i el Farró,98,Superfície_locals,87746
2025,6,Gràcia,28,Vallcarca i els Penitents,1,Superfície_locals,98439
2025,6,Gràcia,28,Vallcarca i els Penitents,2,Superfície_locals,78651
2025,6,Gràcia,28,Vallcarca i els Penitents,3,Superfície_locals,109978
2025,6,Gràcia,28,Vallcarca i els Penitents,4,Superfície_locals,87442
2025,6,Gràcia,28,Vallcarca i els Penitents,6,Superfície_locals,183864
2025,6,Gràcia,28,Vallcarca i els Penitents,7,Superfície_locals,129841
2025,6,Gràcia,28,Vallcarca i els Penitents,8,Superfície_locals,107441
2025,6,Gràcia,28,Vallcarca i els Penitents,9,Superfície_locals,114576
2025,6,Gràcia,28,Vallcarca i els Penitents,10,Superfície_locals,68563
2025,6,Gràcia,28,Vallcarca i els Penitents,11,Superfície_locals,85445
2025,6,Gràcia,28,Vallcarca i els Penitents,12,Superfície_locals,77498
2025,6,Gràcia,29,el Coll,13,Superfície_locals,88907
2025,6,Gràcia,29,el Coll,14,Superfície_locals,61018
2025,6,Gràcia,29,el Coll,15,Superfície_locals,65445
2025,6,Gràcia,29,el Coll,16,Superfície_locals,75825
2025,6,Gràcia,29,el Coll,17,Superfície_locals,66912
2025,6,Gràcia,30,la Salut,18,Superfície_locals,74268
2025,6,Gràcia,30,la Salut,19,Superfície_locals,91079
2025,6,Gràcia,30,la Salut,20,Superfície_locals,67913
2025,6,Gràcia,30,la Salut,21,Superfície_locals,80337
2025,6,Gràcia,30,la Salut,22,Superfície_locals,105426
2025,6,Gràcia,30,la Salut,23,Superfície_locals,84592
2025,6,Gràcia,30,la Salut,24,Superfície_locals,138871
2025,6,Gràcia,30,la Salut,25,Superfície_locals,80403
2025,6,Gràcia,30,la Salut,26,Superfície_locals,67584
2025,6,Gràcia,30,la Salut,27,Superfície_locals,72584
2025,6,Gràcia,31,la Vila de Gràcia,28,Superfície_locals,75810
2025,6,Gràcia,31,la Vila de Gràcia,29,Superfície_locals,75852
2025,6,Gràcia,31,la Vila de Gràcia,30,Superfície_locals,65924
2025,6,Gràcia,31,la Vila de Gràcia,31,Superfície_locals,61980
2025,6,Gràcia,31,la Vila de Gràcia,32,Superfície_locals,53233
2025,6,Gràcia,31,la Vila de Gràcia,33,Superfície_locals,79205
2025,6,Gràcia,31,la Vila de Gràcia,34,Superfície_locals,70703
2025,6,Gràcia,31,la Vila de Gràcia,35,Superfície_locals,76832
2025,6,Gràcia,31,la Vila de Gràcia,36,Superfície_locals,121535
2025,6,Gràcia,31,la Vila de Gràcia,37,Superfície_locals,86010
2025,6,Gràcia,31,la Vila de Gràcia,38,Superfície_locals,96519
2025,6,Gràcia,31,la Vila de Gràcia,39,Superfície_locals,103192
2025,6,Gràcia,31,la Vila de Gràcia,40,Superfície_locals,121626
2025,6,Gràcia,31,la Vila de Gràcia,41,Superfície_locals,135280
2025,6,Gràcia,31,la Vila de Gràcia,42,Superfície_locals,139767
2025,6,Gràcia,31,la Vila de Gràcia,43,Superfície_locals,112008
2025,6,Gràcia,31,la Vila de Gràcia,44,Superfície_locals,257740
2025,6,Gràcia,31,la Vila de Gràcia,45,Superfície_locals,173682
2025,6,Gràcia,31,la Vila de Gràcia,46,Superfície_locals,61390
2025,6,Gràcia,31,la Vila de Gràcia,47,Superfície_locals,71191
2025,6,Gràcia,31,la Vila de Gràcia,48,Superfície_locals,87114
2025,6,Gràcia,31,la Vila de Gràcia,49,Superfície_locals,78589
2025,6,Gràcia,31,la Vila de Gràcia,50,Superfície_locals,79237
2025,6,Gràcia,31,la Vila de Gràcia,51,Superfície_locals,90494
2025,6,Gràcia,31,la Vila de Gràcia,52,Superfície_locals,90762
2025,6,Gràcia,31,la Vila de Gràcia,53,Superfície_locals,90064
2025,6,Gràcia,31,la Vila de Gràcia,54,Superfície_locals,91904
2025,6,Gràcia,31,la Vila de Gràcia,55,Superfície_locals,81396
2025,6,Gràcia,31,la Vila de Gràcia,56,Superfície_locals,76195
2025,6,Gràcia,31,la Vila de Gràcia,57,Superfície_locals,102609
2025,6,Gràcia,31,la Vila de Gràcia,58,Superfície_locals,120548
2025,6,Gràcia,31,la Vila de Gràcia,59,Superfície_locals,88817
2025,6,Gràcia,31,la Vila de Gràcia,60,Superfície_locals,102321
2025,6,Gràcia,31,la Vila de Gràcia,61,Superfície_locals,63120
2025,6,Gràcia,31,la Vila de Gràcia,62,Superfície_locals,61994
2025,6,Gràcia,31,la Vila de Gràcia,63,Superfície_locals,94102
2025,6,Gràcia,32,el Camp d'en Grassot i Gràcia Nova,64,Superfície_locals,145497
2025,6,Gràcia,32,el Camp d'en Grassot i Gràcia Nova,65,Superfície_locals,71227
2025,6,Gràcia,32,el Camp d'en Grassot i Gràcia Nova,66,Superfície_locals,56552
2025,6,Gràcia,32,el Camp d'en Grassot i Gràcia Nova,67,Superfície_locals,93304
2025,6,Gràcia,32,el Camp d'en Grassot i Gràcia Nova,68,Superfície_locals,100768
2025,6,Gràcia,32,el Camp d'en Grassot i Gràcia Nova,69,Superfície_locals,59815
2025,6,Gràcia,32,el Camp d'en Grassot i Gràcia Nova,70,Superfície_locals,101233
2025,6,Gràcia,32,el Camp d'en Grassot i Gràcia Nova,71,Superfície_locals,59092
2025,6,Gràcia,32,el Camp d'en Grassot i Gràcia Nova,72,Superfície_locals,125183
2025,6,Gràcia,32,el Camp d'en Grassot i Gràcia Nova,73,Superfície_locals,74107
2025,6,Gràcia,32,el Camp d'en Grassot i Gràcia Nova,74,Superfície_locals,61712
2025,6,Gràcia,32,el Camp d'en Grassot i Gràcia Nova,75,Superfície_locals,63743
2025,6,Gràcia,32,el Camp d'en Grassot i Gràcia Nova,76,Superfície_locals,102122
2025,6,Gràcia,32,el Camp d'en Grassot i Gràcia Nova,77,Superfície_locals,79279
2025,6,Gràcia,32,el Camp d'en Grassot i Gràcia Nova,78,Superfície_locals,63254
2025,6,Gràcia,32,el Camp d'en Grassot i Gràcia Nova,79,Superfície_locals,56487
2025,6,Gràcia,32,el Camp d'en Grassot i Gràcia Nova,80,Superfície_locals,68710
2025,6,Gràcia,32,el Camp d'en Grassot i Gràcia Nova,81,Superfície_locals,74843
2025,6,Gràcia,32,el Camp d'en Grassot i Gràcia Nova,82,Superfície_locals,98467
2025,6,Gràcia,32,el Camp d'en Grassot i Gràcia Nova,83,Superfície_locals,97102
2025,6,Gràcia,32,el Camp d'en Grassot i Gràcia Nova,84,Superfície_locals,86912
2025,6,Gràcia,32,el Camp d'en Grassot i Gràcia Nova,85,Superfície_locals,84599
2025,6,Gràcia,32,el Camp d'en Grassot i Gràcia Nova,86,Superfície_locals,68324
2025,6,Gràcia,32,el Camp d'en Grassot i Gràcia Nova,87,Superfície_locals,134875
2025,6,Gràcia,32,el Camp d'en Grassot i Gràcia Nova,88,Superfície_locals,93164
2025,7,Horta-Guinardó,33,el Baix Guinardó,1,Superfície_locals,86880
2025,7,Horta-Guinardó,33,el Baix Guinardó,2,Superfície_locals,79770
2025,7,Horta-Guinardó,33,el Baix Guinardó,3,Superfície_locals,60448
2025,7,Horta-Guinardó,33,el Baix Guinardó,4,Superfície_locals,70951
2025,7,Horta-Guinardó,33,el Baix Guinardó,5,Superfície_locals,80233
2025,7,Horta-Guinardó,33,el Baix Guinardó,6,Superfície_locals,53974
2025,7,Horta-Guinardó,33,el Baix Guinardó,7,Superfície_locals,69417
2025,7,Horta-Guinardó,33,el Baix Guinardó,8,Superfície_locals,78014
2025,7,Horta-Guinardó,33,el Baix Guinardó,9,Superfície_locals,54685
2025,7,Horta-Guinardó,33,el Baix Guinardó,10,Superfície_locals,99618
2025,7,Horta-Guinardó,33,el Baix Guinardó,11,Superfície_locals,55010
2025,7,Horta-Guinardó,33,el Baix Guinardó,12,Superfície_locals,83116
2025,7,Horta-Guinardó,33,el Baix Guinardó,13,Superfície_locals,57437
2025,7,Horta-Guinardó,33,el Baix Guinardó,14,Superfície_locals,31677
2025,7,Horta-Guinardó,33,el Baix Guinardó,15,Superfície_locals,63521
2025,7,Horta-Guinardó,33,el Baix Guinardó,16,Superfície_locals,99389
2025,7,Horta-Guinardó,33,el Baix Guinardó,17,Superfície_locals,75372
2025,7,Horta-Guinardó,33,el Baix Guinardó,18,Superfície_locals,68816
2025,7,Horta-Guinardó,33,el Baix Guinardó,19,Superfície_locals,78943
2025,7,Horta-Guinardó,34,Can Baró,20,Superfície_locals,77114
2025,7,Horta-Guinardó,34,Can Baró,21,Superfície_locals,54536
2025,7,Horta-Guinardó,34,Can Baró,22,Superfície_locals,54793
2025,7,Horta-Guinardó,34,Can Baró,23,Superfície_locals,51561
2025,7,Horta-Guinardó,34,Can Baró,24,Superfície_locals,69252
2025,7,Horta-Guinardó,34,Can Baró,25,Superfície_locals,57737
2025,7,Horta-Guinardó,34,Can Baró,26,Superfície_locals,53793
2025,7,Horta-Guinardó,35,el Guinardó,27,Superfície_locals,95537
2025,7,Horta-Guinardó,35,el Guinardó,28,Superfície_locals,65438
2025,7,Horta-Guinardó,35,el Guinardó,29,Superfície_locals,72580
2025,7,Horta-Guinardó,35,el Guinardó,30,Superfície_locals,53988
2025,7,Horta-Guinardó,35,el Guinardó,31,Superfície_locals,67152
2025,7,Horta-Guinardó,35,el Guinardó,32,Superfície_locals,68872
2025,7,Horta-Guinardó,35,el Guinardó,33,Superfície_locals,76571
2025,7,Horta-Guinardó,35,el Guinardó,34,Superfície_locals,94339
2025,7,Horta-Guinardó,35,el Guinardó,35,Superfície_locals,107230
2025,7,Horta-Guinardó,35,el Guinardó,36,Superfície_locals,68826
2025,7,Horta-Guinardó,35,el Guinardó,37,Superfície_locals,74057
2025,7,Horta-Guinardó,35,el Guinardó,38,Superfície_locals,91975
2025,7,Horta-Guinardó,35,el Guinardó,39,Superfície_locals,194327
2025,7,Horta-Guinardó,35,el Guinardó,40,Superfície_locals,72804
2025,7,Horta-Guinardó,35,el Guinardó,41,Superfície_locals,57689
2025,7,Horta-Guinardó,35,el Guinardó,42,Superfície_locals,101650
2025,7,Horta-Guinardó,35,el Guinardó,43,Superfície_locals,76042
2025,7,Horta-Guinardó,35,el Guinardó,44,Superfície_locals,82159
2025,7,Horta-Guinardó,35,el Guinardó,45,Superfície_locals,70406
2025,7,Horta-Guinardó,35,el Guinardó,46,Superfície_locals,64054
2025,7,Horta-Guinardó,35,el Guinardó,47,Superfície_locals,70993
2025,7,Horta-Guinardó,35,el Guinardó,48,Superfície_locals,63018
2025,7,Horta-Guinardó,35,el Guinardó,49,Superfície_locals,56268
2025,7,Horta-Guinardó,35,el Guinardó,50,Superfície_locals,61088
2025,7,Horta-Guinardó,35,el Guinardó,51,Superfície_locals,85160
2025,7,Horta-Guinardó,36,la Font d'en Fargues,52,Superfície_locals,88790
2025,7,Horta-Guinardó,36,la Font d'en Fargues,53,Superfície_locals,67004
2025,7,Horta-Guinardó,36,la Font d'en Fargues,54,Superfície_locals,103570
2025,7,Horta-Guinardó,36,la Font d'en Fargues,55,Superfície_locals,69754
2025,7,Horta-Guinardó,36,la Font d'en Fargues,56,Superfície_locals,60817
2025,7,Horta-Guinardó,36,la Font d'en Fargues,57,Superfície_locals,88918
2025,7,Horta-Guinardó,36,la Font d'en Fargues,58,Superfície_locals,62634
2025,7,Horta-Guinardó,37,el Carmel,59,Superfície_locals,57154
2025,7,Horta-Guinardó,37,el Carmel,60,Superfície_locals,75213
2025,7,Horta-Guinardó,37,el Carmel,61,Superfície_locals,71463
2025,7,Horta-Guinardó,37,el Carmel,62,Superfície_locals,59804
2025,7,Horta-Guinardó,37,el Carmel,63,Superfície_locals,47120
2025,7,Horta-Guinardó,37,el Carmel,64,Superfície_locals,60044
2025,7,Horta-Guinardó,37,el Carmel,65,Superfície_locals,59868
2025,7,Horta-Guinardó,37,el Carmel,66,Superfície_locals,65431
2025,7,Horta-Guinardó,37,el Carmel,67,Superfície_locals,58813
2025,7,Horta-Guinardó,37,el Carmel,68,Superfície_locals,38919
2025,7,Horta-Guinardó,37,el Carmel,69,Superfície_locals,48397
2025,7,Horta-Guinardó,37,el Carmel,70,Superfície_locals,70767
2025,7,Horta-Guinardó,37,el Carmel,71,Superfície_locals,66758
2025,7,Horta-Guinardó,37,el Carmel,72,Superfície_locals,67713
2025,7,Horta-Guinardó,37,el Carmel,73,Superfície_locals,48215
2025,7,Horta-Guinardó,37,el Carmel,74,Superfície_locals,62542
2025,7,Horta-Guinardó,37,el Carmel,75,Superfície_locals,44702
2025,7,Horta-Guinardó,37,el Carmel,76,Superfície_locals,55904
2025,7,Horta-Guinardó,37,el Carmel,77,Superfície_locals,47663
2025,7,Horta-Guinardó,37,el Carmel,78,Superfície_locals,53597
2025,7,Horta-Guinardó,37,el Carmel,79,Superfície_locals,53802
2025,7,Horta-Guinardó,37,el Carmel,80,Superfície_locals,62171
2025,7,Horta-Guinardó,38,la Teixonera,81,Superfície_locals,90479
2025,7,Horta-Guinardó,38,la Teixonera,82,Superfície_locals,55994
2025,7,Horta-Guinardó,38,la Teixonera,83,Superfície_locals,52384
2025,7,Horta-Guinardó,38,la Teixonera,84,Superfície_locals,58946
2025,7,Horta-Guinardó,38,la Teixonera,85,Superfície_locals,53166
2025,7,Horta-Guinardó,38,la Teixonera,86,Superfície_locals,60304
2025,7,Horta-Guinardó,38,la Teixonera,87,Superfície_locals,74343
2025,7,Horta-Guinardó,38,la Teixonera,88,Superfície_locals,84723
2025,7,Horta-Guinardó,39,Sant Genís dels Agudells,89,Superfície_locals,96325
2025,7,Horta-Guinardó,39,Sant Genís dels Agudells,90,Superfície_locals,60796
2025,7,Horta-Guinardó,39,Sant Genís dels Agudells,91,Superfície_locals,64726
2025,7,Horta-Guinardó,39,Sant Genís dels Agudells,92,Superfície_locals,68085
2025,7,Horta-Guinardó,39,Sant Genís dels Agudells,93,Superfície_locals,67492
2025,7,Horta-Guinardó,40,Montbau,94,Superfície_locals,256270
2025,7,Horta-Guinardó,40,Montbau,95,Superfície_locals,57517
2025,7,Horta-Guinardó,40,Montbau,96,Superfície_locals,57898
2025,7,Horta-Guinardó,40,Montbau,97,Superfície_locals,180577
2025,7,Horta-Guinardó,41,la Vall d'Hebron,98,Superfície_locals,190690
2025,7,Horta-Guinardó,41,la Vall d'Hebron,99,Superfície_locals,33006
2025,7,Horta-Guinardó,41,la Vall d'Hebron,100,Superfície_locals,47471
2025,7,Horta-Guinardó,41,la Vall d'Hebron,101,Superfície_locals,176554
2025,7,Horta-Guinardó,42,la Clota,102,Superfície_locals,103611
2025,7,Horta-Guinardó,43,Horta,103,Superfície_locals,148361
2025,7,Horta-Guinardó,43,Horta,104,Superfície_locals,64604
2025,7,Horta-Guinardó,43,Horta,105,Superfície_locals,53225
2025,7,Horta-Guinardó,43,Horta,106,Superfície_locals,52882
2025,7,Horta-Guinardó,43,Horta,107,Superfície_locals,66703
2025,7,Horta-Guinardó,43,Horta,108,Superfície_locals,60746
2025,7,Horta-Guinardó,43,Horta,109,Superfície_locals,59672
2025,7,Horta-Guinardó,43,Horta,110,Superfície_locals,58876
2025,7,Horta-Guinardó,43,Horta,111,Superfície_locals,64965
2025,7,Horta-Guinardó,43,Horta,112,Superfície_locals,64389
2025,7,Horta-Guinardó,43,Horta,113,Superfície_locals,46757
2025,7,Horta-Guinardó,43,Horta,114,Superfície_locals,56345
2025,7,Horta-Guinardó,43,Horta,115,Superfície_locals,62120
2025,7,Horta-Guinardó,43,Horta,116,Superfície_locals,66785
2025,7,Horta-Guinardó,43,Horta,117,Superfície_locals,67960
2025,7,Horta-Guinardó,43,Horta,118,Superfície_locals,70403
2025,7,Horta-Guinardó,43,Horta,119,Superfície_locals,59104
2025,7,Horta-Guinardó,43,Horta,120,Superfície_locals,62258
2025,7,Horta-Guinardó,43,Horta,121,Superfície_locals,60106
2025,7,Horta-Guinardó,43,Horta,122,Superfície_locals,84690
2025,7,Horta-Guinardó,43,Horta,123,Superfície_locals,73398
2025,8,Nou Barris,44,Vilapicina i la Torre Llobeta,1,Superfície_locals,54269
2025,8,Nou Barris,44,Vilapicina i la Torre Llobeta,2,Superfície_locals,71582
2025,8,Nou Barris,44,Vilapicina i la Torre Llobeta,3,Superfície_locals,54267
2025,8,Nou Barris,44,Vilapicina i la Torre Llobeta,4,Superfície_locals,69240
2025,8,Nou Barris,44,Vilapicina i la Torre Llobeta,5,Superfície_locals,54031
2025,8,Nou Barris,44,Vilapicina i la Torre Llobeta,6,Superfície_locals,83693
2025,8,Nou Barris,44,Vilapicina i la Torre Llobeta,7,Superfície_locals,65476
2025,8,Nou Barris,44,Vilapicina i la Torre Llobeta,8,Superfície_locals,87096
2025,8,Nou Barris,44,Vilapicina i la Torre Llobeta,9,Superfície_locals,70248
2025,8,Nou Barris,44,Vilapicina i la Torre Llobeta,10,Superfície_locals,59172
2025,8,Nou Barris,44,Vilapicina i la Torre Llobeta,11,Superfície_locals,72935
2025,8,Nou Barris,44,Vilapicina i la Torre Llobeta,12,Superfície_locals,89419
2025,8,Nou Barris,44,Vilapicina i la Torre Llobeta,13,Superfície_locals,58804
2025,8,Nou Barris,44,Vilapicina i la Torre Llobeta,14,Superfície_locals,62140
2025,8,Nou Barris,44,Vilapicina i la Torre Llobeta,15,Superfície_locals,54241
2025,8,Nou Barris,44,Vilapicina i la Torre Llobeta,16,Superfície_locals,69530
2025,8,Nou Barris,44,Vilapicina i la Torre Llobeta,17,Superfície_locals,68983
2025,8,Nou Barris,44,Vilapicina i la Torre Llobeta,18,Superfície_locals,78507
2025,8,Nou Barris,44,Vilapicina i la Torre Llobeta,19,Superfície_locals,72858
2025,8,Nou Barris,45,Porta,20,Superfície_locals,65693
2025,8,Nou Barris,45,Porta,21,Superfície_locals,76167
2025,8,Nou Barris,45,Porta,22,Superfície_locals,57852
2025,8,Nou Barris,45,Porta,23,Superfície_locals,61329
2025,8,Nou Barris,45,Porta,24,Superfície_locals,74313
2025,8,Nou Barris,45,Porta,25,Superfície_locals,45000
2025,8,Nou Barris,45,Porta,26,Superfície_locals,58216
2025,8,Nou Barris,45,Porta,27,Superfície_locals,67437
2025,8,Nou Barris,45,Porta,28,Superfície_locals,38815
2025,8,Nou Barris,45,Porta,29,Superfície_locals,364466
2025,8,Nou Barris,45,Porta,30,Superfície_locals,59756
2025,8,Nou Barris,45,Porta,31,Superfície_locals,41754
2025,8,Nou Barris,45,Porta,32,Superfície_locals,57087
2025,8,Nou Barris,45,Porta,33,Superfície_locals,57248
2025,8,Nou Barris,45,Porta,34,Superfície_locals,50672
2025,8,Nou Barris,45,Porta,35,Superfície_locals,58836
2025,8,Nou Barris,45,Porta,36,Superfície_locals,43309
2025,8,Nou Barris,45,Porta,37,Superfície_locals,64568
2025,8,Nou Barris,46,el Turó de la Peira,38,Superfície_locals,63911
2025,8,Nou Barris,46,el Turó de la Peira,39,Superfície_locals,58051
2025,8,Nou Barris,46,el Turó de la Peira,40,Superfície_locals,77218
2025,8,Nou Barris,46,el Turó de la Peira,41,Superfície_locals,62724
2025,8,Nou Barris,46,el Turó de la Peira,42,Superfície_locals,70692
2025,8,Nou Barris,46,el Turó de la Peira,43,Superfície_locals,66909
2025,8,Nou Barris,46,el Turó de la Peira,44,Superfície_locals,46166
2025,8,Nou Barris,46,el Turó de la Peira,45,Superfície_locals,49672
2025,8,Nou Barris,46,el Turó de la Peira,46,Superfície_locals,46486
2025,8,Nou Barris,46,el Turó de la Peira,47,Superfície_locals,61346
2025,8,Nou Barris,47,Can Peguera,48,Superfície_locals,24928
2025,8,Nou Barris,47,Can Peguera,49,Superfície_locals,44883
2025,8,Nou Barris,48,la Guineueta,50,Superfície_locals,69063
2025,8,Nou Barris,48,la Guineueta,51,Superfície_locals,71118
2025,8,Nou Barris,48,la Guineueta,52,Superfície_locals,31826
2025,8,Nou Barris,48,la Guineueta,53,Superfície_locals,59664
2025,8,Nou Barris,48,la Guineueta,54,Superfície_locals,86289
2025,8,Nou Barris,48,la Guineueta,55,Superfície_locals,96244
2025,8,Nou Barris,48,la Guineueta,56,Superfície_locals,50127
2025,8,Nou Barris,48,la Guineueta,57,Superfície_locals,109551
2025,8,Nou Barris,48,la Guineueta,58,Superfície_locals,53570
2025,8,Nou Barris,48,la Guineueta,59,Superfície_locals,41433
2025,8,Nou Barris,48,la Guineueta,215,Superfície_locals,81666
2025,8,Nou Barris,49,Canyelles,60,Superfície_locals,53118
2025,8,Nou Barris,49,Canyelles,61,Superfície_locals,65516
2025,8,Nou Barris,49,Canyelles,62,Superfície_locals,61130
2025,8,Nou Barris,49,Canyelles,63,Superfície_locals,58998
2025,8,Nou Barris,49,Canyelles,64,Superfície_locals,73224
2025,8,Nou Barris,50,les Roquetes,65,Superfície_locals,72938
2025,8,Nou Barris,50,les Roquetes,66,Superfície_locals,47934
2025,8,Nou Barris,50,les Roquetes,67,Superfície_locals,90209
2025,8,Nou Barris,50,les Roquetes,68,Superfície_locals,56638
2025,8,Nou Barris,50,les Roquetes,69,Superfície_locals,51660
2025,8,Nou Barris,50,les Roquetes,70,Superfície_locals,56484
2025,8,Nou Barris,50,les Roquetes,71,Superfície_locals,59498
2025,8,Nou Barris,50,les Roquetes,72,Superfície_locals,42459
2025,8,Nou Barris,50,les Roquetes,73,Superfície_locals,43369
2025,8,Nou Barris,50,les Roquetes,74,Superfície_locals,52876
2025,8,Nou Barris,51,Verdun,75,Superfície_locals,73841
2025,8,Nou Barris,51,Verdun,76,Superfície_locals,71031
2025,8,Nou Barris,51,Verdun,77,Superfície_locals,74535
2025,8,Nou Barris,51,Verdun,78,Superfície_locals,41132
2025,8,Nou Barris,51,Verdun,79,Superfície_locals,46770
2025,8,Nou Barris,51,Verdun,80,Superfície_locals,59175
2025,8,Nou Barris,51,Verdun,81,Superfície_locals,50268
2025,8,Nou Barris,51,Verdun,82,Superfície_locals,56222
2025,8,Nou Barris,52,la Prosperitat,83,Superfície_locals,55046
2025,8,Nou Barris,52,la Prosperitat,84,Superfície_locals,47084
2025,8,Nou Barris,52,la Prosperitat,85,Superfície_locals,51129
2025,8,Nou Barris,52,la Prosperitat,86,Superfície_locals,62471
2025,8,Nou Barris,52,la Prosperitat,87,Superfície_locals,46700
2025,8,Nou Barris,52,la Prosperitat,88,Superfície_locals,52070
2025,8,Nou Barris,52,la Prosperitat,89,Superfície_locals,51808
2025,8,Nou Barris,52,la Prosperitat,90,Superfície_locals,62769
2025,8,Nou Barris,52,la Prosperitat,91,Superfície_locals,53783
2025,8,Nou Barris,52,la Prosperitat,92,Superfície_locals,52375
2025,8,Nou Barris,52,la Prosperitat,93,Superfície_locals,51520
2025,8,Nou Barris,52,la Prosperitat,94,Superfície_locals,55178
2025,8,Nou Barris,52,la Prosperitat,95,Superfície_locals,40470
2025,8,Nou Barris,52,la Prosperitat,96,Superfície_locals,61847
2025,8,Nou Barris,52,la Prosperitat,97,Superfície_locals,59405
2025,8,Nou Barris,52,la Prosperitat,98,Superfície_locals,40262
2025,8,Nou Barris,52,la Prosperitat,99,Superfície_locals,47965
2025,8,Nou Barris,52,la Prosperitat,100,Superfície_locals,50622
2025,8,Nou Barris,52,la Prosperitat,101,Superfície_locals,71874
2025,8,Nou Barris,52,la Prosperitat,102,Superfície_locals,68571
2025,8,Nou Barris,53,la Trinitat Nova,103,Superfície_locals,36841
2025,8,Nou Barris,53,la Trinitat Nova,104,Superfície_locals,45564
2025,8,Nou Barris,53,la Trinitat Nova,105,Superfície_locals,51712
2025,8,Nou Barris,53,la Trinitat Nova,106,Superfície_locals,43982
2025,8,Nou Barris,53,la Trinitat Nova,107,Superfície_locals,99985
2025,8,Nou Barris,54,Torre Baró,108,Superfície_locals,103474
2025,8,Nou Barris,54,Torre Baró,109,Superfície_locals,48566
2025,8,Nou Barris,55,Ciutat Meridiana,110,Superfície_locals,52563
2025,8,Nou Barris,55,Ciutat Meridiana,111,Superfície_locals,45359
2025,8,Nou Barris,55,Ciutat Meridiana,112,Superfície_locals,52101
2025,8,Nou Barris,55,Ciutat Meridiana,113,Superfície_locals,40749
2025,8,Nou Barris,55,Ciutat Meridiana,114,Superfície_locals,44075
2025,8,Nou Barris,55,Ciutat Meridiana,115,Superfície_locals,43568
2025,8,Nou Barris,56,Vallbona,116,Superfície_locals,92314
2025,9,Sant Andreu,57,la Trinitat Vella,1,Superfície_locals,109078
2025,9,Sant Andreu,57,la Trinitat Vella,2,Superfície_locals,69269
2025,9,Sant Andreu,57,la Trinitat Vella,3,Superfície_locals,67028
2025,9,Sant Andreu,57,la Trinitat Vella,4,Superfície_locals,67732
2025,9,Sant Andreu,57,la Trinitat Vella,5,Superfície_locals,144019
2025,9,Sant Andreu,58,Baró de Viver,6,Superfície_locals,57146
2025,9,Sant Andreu,58,Baró de Viver,7,Superfície_locals,76807
2025,9,Sant Andreu,59,el Bon Pastor,8,Superfície_locals,191175
2025,9,Sant Andreu,59,el Bon Pastor,9,Superfície_locals,612861
2025,9,Sant Andreu,59,el Bon Pastor,10,Superfície_locals,178775
2025,9,Sant Andreu,59,el Bon Pastor,11,Superfície_locals,97903
2025,9,Sant Andreu,59,el Bon Pastor,13,Superfície_locals,74195
2025,9,Sant Andreu,59,el Bon Pastor,14,Superfície_locals,77639
2025,9,Sant Andreu,59,el Bon Pastor,15,Superfície_locals,563387
2025,9,Sant Andreu,60,Sant Andreu,16,Superfície_locals,60253
2025,9,Sant Andreu,60,Sant Andreu,17,Superfície_locals,68890
2025,9,Sant Andreu,60,Sant Andreu,18,Superfície_locals,61467
2025,9,Sant Andreu,60,Sant Andreu,19,Superfície_locals,111587
2025,9,Sant Andreu,60,Sant Andreu,20,Superfície_locals,77777
2025,9,Sant Andreu,60,Sant Andreu,21,Superfície_locals,78838
2025,9,Sant Andreu,60,Sant Andreu,22,Superfície_locals,61013
2025,9,Sant Andreu,60,Sant Andreu,23,Superfície_locals,62862
2025,9,Sant Andreu,60,Sant Andreu,24,Superfície_locals,96309
2025,9,Sant Andreu,60,Sant Andreu,25,Superfície_locals,94284
2025,9,Sant Andreu,60,Sant Andreu,26,Superfície_locals,72726
2025,9,Sant Andreu,60,Sant Andreu,27,Superfície_locals,71633
2025,9,Sant Andreu,60,Sant Andreu,28,Superfície_locals,77359
2025,9,Sant Andreu,60,Sant Andreu,29,Superfície_locals,53255
2025,9,Sant Andreu,60,Sant Andreu,30,Superfície_locals,64890
2025,9,Sant Andreu,60,Sant Andreu,31,Superfície_locals,156862
2025,9,Sant Andreu,60,Sant Andreu,32,Superfície_locals,137794
2025,9,Sant Andreu,60,Sant Andreu,33,Superfície_locals,150773
2025,9,Sant Andreu,60,Sant Andreu,34,Superfície_locals,59742
2025,9,Sant Andreu,60,Sant Andreu,35,Superfície_locals,70647
2025,9,Sant Andreu,60,Sant Andreu,36,Superfície_locals,77672
2025,9,Sant Andreu,60,Sant Andreu,37,Superfície_locals,68032
2025,9,Sant Andreu,60,Sant Andreu,38,Superfície_locals,88567
2025,9,Sant Andreu,60,Sant Andreu,39,Superfície_locals,73051
2025,9,Sant Andreu,60,Sant Andreu,40,Superfície_locals,96308
2025,9,Sant Andreu,60,Sant Andreu,41,Superfície_locals,67544
2025,9,Sant Andreu,60,Sant Andreu,42,Superfície_locals,77931
2025,9,Sant Andreu,60,Sant Andreu,43,Superfície_locals,57219
2025,9,Sant Andreu,60,Sant Andreu,44,Superfície_locals,80976
2025,9,Sant Andreu,60,Sant Andreu,45,Superfície_locals,63815
2025,9,Sant Andreu,60,Sant Andreu,46,Superfície_locals,86849
2025,9,Sant Andreu,60,Sant Andreu,47,Superfície_locals,84631
2025,9,Sant Andreu,60,Sant Andreu,48,Superfície_locals,64035
2025,9,Sant Andreu,60,Sant Andreu,49,Superfície_locals,81554
2025,9,Sant Andreu,60,Sant Andreu,50,Superfície_locals,80033
2025,9,Sant Andreu,60,Sant Andreu,51,Superfície_locals,86262
2025,9,Sant Andreu,60,Sant Andreu,52,Superfície_locals,60923
2025,9,Sant Andreu,60,Sant Andreu,53,Superfície_locals,86989
2025,9,Sant Andreu,60,Sant Andreu,54,Superfície_locals,75706
2025,9,Sant Andreu,61,la Sagrera,55,Superfície_locals,121285
2025,9,Sant Andreu,61,la Sagrera,56,Superfície_locals,64487
2025,9,Sant Andreu,61,la Sagrera,57,Superfície_locals,86086
2025,9,Sant Andreu,61,la Sagrera,58,Superfície_locals,85978
2025,9,Sant Andreu,61,la Sagrera,59,Superfície_locals,63508
2025,9,Sant Andreu,61,la Sagrera,60,Superfície_locals,112307
2025,9,Sant Andreu,61,la Sagrera,61,Superfície_locals,121321
2025,9,Sant Andreu,61,la Sagrera,62,Superfície_locals,81207
2025,9,Sant Andreu,61,la Sagrera,63,Superfície_locals,100488
2025,9,Sant Andreu,61,la Sagrera,64,Superfície_locals,56781
2025,9,Sant Andreu,61,la Sagrera,65,Superfície_locals,105503
2025,9,Sant Andreu,61,la Sagrera,66,Superfície_locals,71806
2025,9,Sant Andreu,61,la Sagrera,67,Superfície_locals,75888
2025,9,Sant Andreu,61,la Sagrera,68,Superfície_locals,92830
2025,9,Sant Andreu,61,la Sagrera,69,Superfície_locals,50438
2025,9,Sant Andreu,61,la Sagrera,70,Superfície_locals,49365
2025,9,Sant Andreu,61,la Sagrera,71,Superfície_locals,89783
2025,9,Sant Andreu,61,la Sagrera,72,Superfície_locals,45777
2025,9,Sant Andreu,61,la Sagrera,73,Superfície_locals,80263
2025,9,Sant Andreu,61,la Sagrera,156,Superfície_locals,58277
2025,9,Sant Andreu,62,el Congrés i els Indians,74,Superfície_locals,71524
2025,9,Sant Andreu,62,el Congrés i els Indians,75,Superfície_locals,75722
2025,9,Sant Andreu,62,el Congrés i els Indians,76,Superfície_locals,58228
2025,9,Sant Andreu,62,el Congrés i els Indians,77,Superfície_locals,67854
2025,9,Sant Andreu,62,el Congrés i els Indians,78,Superfície_locals,78286
2025,9,Sant Andreu,62,el Congrés i els Indians,79,Superfície_locals,82393
2025,9,Sant Andreu,62,el Congrés i els Indians,80,Superfície_locals,73188
2025,9,Sant Andreu,62,el Congrés i els Indians,81,Superfície_locals,87699
2025,9,Sant Andreu,62,el Congrés i els Indians,82,Superfície_locals,122221
2025,9,Sant Andreu,63,Navas,83,Superfície_locals,68133
2025,9,Sant Andreu,63,Navas,84,Superfície_locals,91319
2025,9,Sant Andreu,63,Navas,85,Superfície_locals,95626
2025,9,Sant Andreu,63,Navas,86,Superfície_locals,61312
2025,9,Sant Andreu,63,Navas,87,Superfície_locals,65399
2025,9,Sant Andreu,63,Navas,88,Superfície_locals,88818
2025,9,Sant Andreu,63,Navas,89,Superfície_locals,69205
2025,9,Sant Andreu,63,Navas,90,Superfície_locals,72427
2025,9,Sant Andreu,63,Navas,91,Superfície_locals,92058
2025,9,Sant Andreu,63,Navas,92,Superfície_locals,94959
2025,9,Sant Andreu,63,Navas,93,Superfície_locals,69710
2025,9,Sant Andreu,63,Navas,94,Superfície_locals,102317
2025,9,Sant Andreu,63,Navas,95,Superfície_locals,116906
2025,10,Sant Martí,64,el Camp de l'Arpa del Clot,1,Superfície_locals,71320
2025,10,Sant Martí,64,el Camp de l'Arpa del Clot,2,Superfície_locals,81796
2025,10,Sant Martí,64,el Camp de l'Arpa del Clot,3,Superfície_locals,66767
2025,10,Sant Martí,64,el Camp de l'Arpa del Clot,4,Superfície_locals,78005
2025,10,Sant Martí,64,el Camp de l'Arpa del Clot,5,Superfície_locals,105527
2025,10,Sant Martí,64,el Camp de l'Arpa del Clot,6,Superfície_locals,88944
2025,10,Sant Martí,64,el Camp de l'Arpa del Clot,7,Superfície_locals,92607
2025,10,Sant Martí,64,el Camp de l'Arpa del Clot,8,Superfície_locals,94999
2025,10,Sant Martí,64,el Camp de l'Arpa del Clot,9,Superfície_locals,80437
2025,10,Sant Martí,64,el Camp de l'Arpa del Clot,10,Superfície_locals,73890
2025,10,Sant Martí,64,el Camp de l'Arpa del Clot,11,Superfície_locals,60435
2025,10,Sant Martí,64,el Camp de l'Arpa del Clot,12,Superfície_locals,94610
2025,10,Sant Martí,64,el Camp de l'Arpa del Clot,13,Superfície_locals,66993
2025,10,Sant Martí,64,el Camp de l'Arpa del Clot,14,Superfície_locals,76397
2025,10,Sant Martí,64,el Camp de l'Arpa del Clot,15,Superfície_locals,103172
2025,10,Sant Martí,64,el Camp de l'Arpa del Clot,16,Superfície_locals,72769
2025,10,Sant Martí,64,el Camp de l'Arpa del Clot,17,Superfície_locals,84237
2025,10,Sant Martí,64,el Camp de l'Arpa del Clot,18,Superfície_locals,75309
2025,10,Sant Martí,64,el Camp de l'Arpa del Clot,19,Superfície_locals,82774
2025,10,Sant Martí,64,el Camp de l'Arpa del Clot,20,Superfície_locals,56701
2025,10,Sant Martí,64,el Camp de l'Arpa del Clot,21,Superfície_locals,56604
2025,10,Sant Martí,64,el Camp de l'Arpa del Clot,22,Superfície_locals,70860
2025,10,Sant Martí,64,el Camp de l'Arpa del Clot,23,Superfície_locals,67781
2025,10,Sant Martí,64,el Camp de l'Arpa del Clot,24,Superfície_locals,74835
2025,10,Sant Martí,64,el Camp de l'Arpa del Clot,25,Superfície_locals,77088
2025,10,Sant Martí,65,el Clot,26,Superfície_locals,94673
2025,10,Sant Martí,65,el Clot,27,Superfície_locals,84203
2025,10,Sant Martí,65,el Clot,28,Superfície_locals,79795
2025,10,Sant Martí,65,el Clot,29,Superfície_locals,57007
2025,10,Sant Martí,65,el Clot,30,Superfície_locals,72006
2025,10,Sant Martí,65,el Clot,31,Superfície_locals,74983
2025,10,Sant Martí,65,el Clot,32,Superfície_locals,60803
2025,10,Sant Martí,65,el Clot,33,Superfície_locals,54867
2025,10,Sant Martí,65,el Clot,34,Superfície_locals,79842
2025,10,Sant Martí,65,el Clot,35,Superfície_locals,100683
2025,10,Sant Martí,65,el Clot,36,Superfície_locals,67687
2025,10,Sant Martí,65,el Clot,37,Superfície_locals,44012
2025,10,Sant Martí,65,el Clot,38,Superfície_locals,90772
2025,10,Sant Martí,65,el Clot,39,Superfície_locals,91033
2025,10,Sant Martí,65,el Clot,40,Superfície_locals,100149
2025,10,Sant Martí,65,el Clot,41,Superfície_locals,102937
2025,10,Sant Martí,65,el Clot,234,Superfície_locals,90452
2025,10,Sant Martí,66,el Parc i la Llacuna del Poblenou,42,Superfície_locals,1154513
2025,10,Sant Martí,66,el Parc i la Llacuna del Poblenou,43,Superfície_locals,765958
2025,10,Sant Martí,66,el Parc i la Llacuna del Poblenou,44,Superfície_locals,121344
2025,10,Sant Martí,66,el Parc i la Llacuna del Poblenou,45,Superfície_locals,90078
2025,10,Sant Martí,66,el Parc i la Llacuna del Poblenou,46,Superfície_locals,68253
2025,10,Sant Martí,66,el Parc i la Llacuna del Poblenou,47,Superfície_locals,116187
2025,10,Sant Martí,66,el Parc i la Llacuna del Poblenou,48,Superfície_locals,78313
2025,10,Sant Martí,66,el Parc i la Llacuna del Poblenou,49,Superfície_locals,60152
2025,10,Sant Martí,66,el Parc i la Llacuna del Poblenou,50,Superfície_locals,100352
2025,10,Sant Martí,67,la Vila Olímpica del Poblenou,51,Superfície_locals,131727
2025,10,Sant Martí,67,la Vila Olímpica del Poblenou,52,Superfície_locals,245100
2025,10,Sant Martí,67,la Vila Olímpica del Poblenou,53,Superfície_locals,172366
2025,10,Sant Martí,67,la Vila Olímpica del Poblenou,54,Superfície_locals,201861
2025,10,Sant Martí,67,la Vila Olímpica del Poblenou,55,Superfície_locals,432015
2025,10,Sant Martí,68,el Poblenou,56,Superfície_locals,338214
2025,10,Sant Martí,68,el Poblenou,57,Superfície_locals,166901
2025,10,Sant Martí,68,el Poblenou,58,Superfície_locals,168151
2025,10,Sant Martí,68,el Poblenou,59,Superfície_locals,123058
2025,10,Sant Martí,68,el Poblenou,60,Superfície_locals,86653
2025,10,Sant Martí,68,el Poblenou,61,Superfície_locals,158468
2025,10,Sant Martí,68,el Poblenou,62,Superfície_locals,78438
2025,10,Sant Martí,68,el Poblenou,63,Superfície_locals,72783
2025,10,Sant Martí,68,el Poblenou,64,Superfície_locals,128974
2025,10,Sant Martí,68,el Poblenou,65,Superfície_locals,92222
2025,10,Sant Martí,68,el Poblenou,66,Superfície_locals,105262
2025,10,Sant Martí,68,el Poblenou,67,Superfície_locals,103568
2025,10,Sant Martí,68,el Poblenou,68,Superfície_locals,87631
2025,10,Sant Martí,68,el Poblenou,69,Superfície_locals,182928
2025,10,Sant Martí,68,el Poblenou,70,Superfície_locals,93861
2025,10,Sant Martí,68,el Poblenou,71,Superfície_locals,82287
2025,10,Sant Martí,68,el Poblenou,72,Superfície_locals,93076
2025,10,Sant Martí,68,el Poblenou,73,Superfície_locals,59834
2025,10,Sant Martí,68,el Poblenou,74,Superfície_locals,77366
2025,10,Sant Martí,68,el Poblenou,75,Superfície_locals,64494
2025,10,Sant Martí,69,Diagonal Mar i el Front Marítim del Poblenou,76,Superfície_locals,273470
2025,10,Sant Martí,69,Diagonal Mar i el Front Marítim del Poblenou,77,Superfície_locals,108551
2025,10,Sant Martí,69,Diagonal Mar i el Front Marítim del Poblenou,78,Superfície_locals,221570
2025,10,Sant Martí,69,Diagonal Mar i el Front Marítim del Poblenou,79,Superfície_locals,94387
2025,10,Sant Martí,69,Diagonal Mar i el Front Marítim del Poblenou,80,Superfície_locals,694142
2025,10,Sant Martí,69,Diagonal Mar i el Front Marítim del Poblenou,235,Superfície_locals,66748
2025,10,Sant Martí,69,Diagonal Mar i el Front Marítim del Poblenou,236,Superfície_locals,77246
2025,10,Sant Martí,70,el Besòs i el Maresme,81,Superfície_locals,526135
2025,10,Sant Martí,70,el Besòs i el Maresme,82,Superfície_locals,58597
2025,10,Sant Martí,70,el Besòs i el Maresme,83,Superfície_locals,48977
2025,10,Sant Martí,70,el Besòs i el Maresme,84,Superfície_locals,50450
2025,10,Sant Martí,70,el Besòs i el Maresme,85,Superfície_locals,51901
2025,10,Sant Martí,70,el Besòs i el Maresme,86,Superfície_locals,56972
2025,10,Sant Martí,70,el Besòs i el Maresme,87,Superfície_locals,66090
2025,10,Sant Martí,70,el Besòs i el Maresme,88,Superfície_locals,74672
2025,10,Sant Martí,70,el Besòs i el Maresme,89,Superfície_locals,172229
2025,10,Sant Martí,70,el Besòs i el Maresme,90,Superfície_locals,47531
2025,10,Sant Martí,70,el Besòs i el Maresme,91,Superfície_locals,68153
2025,10,Sant Martí,70,el Besòs i el Maresme,92,Superfície_locals,60837
2025,10,Sant Martí,70,el Besòs i el Maresme,93,Superfície_locals,156040
2025,10,Sant Martí,71,Provençals del Poblenou,94,Superfície_locals,403720
2025,10,Sant Martí,71,Provençals del Poblenou,95,Superfície_locals,78774
2025,10,Sant Martí,71,Provençals del Poblenou,96,Superfície_locals,75930
2025,10,Sant Martí,71,Provençals del Poblenou,97,Superfície_locals,107206
2025,10,Sant Martí,71,Provençals del Poblenou,98,Superfície_locals,100516
2025,10,Sant Martí,71,Provençals del Poblenou,99,Superfície_locals,41389
2025,10,Sant Martí,71,Provençals del Poblenou,100,Superfície_locals,240426
2025,10,Sant Martí,71,Provençals del Poblenou,101,Superfície_locals,336043
2025,10,Sant Martí,71,Provençals del Poblenou,102,Superfície_locals,89843
2025,10,Sant Martí,71,Provençals del Poblenou,103,Superfície_locals,87772
2025,10,Sant Martí,71,Provençals del Poblenou,104,Superfície_locals,77266
2025,10,Sant Martí,71,Provençals del Poblenou,237,Superfície_locals,42877
2025,10,Sant Martí,72,Sant Martí de Provençals,105,Superfície_locals,94641
2025,10,Sant Martí,72,Sant Martí de Provençals,106,Superfície_locals,43499
2025,10,Sant Martí,72,Sant Martí de Provençals,107,Superfície_locals,88190
2025,10,Sant Martí,72,Sant Martí de Provençals,108,Superfície_locals,56177
2025,10,Sant Martí,72,Sant Martí de Provençals,109,Superfície_locals,79804
2025,10,Sant Martí,72,Sant Martí de Provençals,110,Superfície_locals,98989
2025,10,Sant Martí,72,Sant Martí de Provençals,111,Superfície_locals,57443
2025,10,Sant Martí,72,Sant Martí de Provençals,112,Superfície_locals,73582
2025,10,Sant Martí,72,Sant Martí de Provençals,113,Superfície_locals,78571
2025,10,Sant Martí,72,Sant Martí de Provençals,114,Superfície_locals,55805
2025,10,Sant Martí,72,Sant Martí de Provençals,115,Superfície_locals,79433
2025,10,Sant Martí,72,Sant Martí de Provençals,116,Superfície_locals,64819
2025,10,Sant Martí,72,Sant Martí de Provençals,117,Superfície_locals,49615
2025,10,Sant Martí,72,Sant Martí de Provençals,118,Superfície_locals,48867
2025,10,Sant Martí,72,Sant Martí de Provençals,119,Superfície_locals,38406
2025,10,Sant Martí,72,Sant Martí de Provençals,120,Superfície_locals,70445
2025,10,Sant Martí,72,Sant Martí de Provençals,121,Superfície_locals,76642
2025,10,Sant Martí,72,Sant Martí de Provençals,122,Superfície_locals,89922
2025,10,Sant Martí,73,la Verneda i la Pau,123,Superfície_locals,56486
2025,10,Sant Martí,73,la Verneda i la Pau,124,Superfície_locals,50129
2025,10,Sant Martí,73,la Verneda i la Pau,125,Superfície_locals,43717
2025,10,Sant Martí,73,la Verneda i la Pau,126,Superfície_locals,43675
2025,10,Sant Martí,73,la Verneda i la Pau,127,Superfície_locals,38206
2025,10,Sant Martí,73,la Verneda i la Pau,128,Superfície_locals,74136
2025,10,Sant Martí,73,la Verneda i la Pau,129,Superfície_locals,54832
2025,10,Sant Martí,73,la Verneda i la Pau,130,Superfície_locals,51243
2025,10,Sant Martí,73,la Verneda i la Pau,131,Superfície_locals,51561
2025,10,Sant Martí,73,la Verneda i la Pau,132,Superfície_locals,45564
2025,10,Sant Martí,73,la Verneda i la Pau,133,Superfície_locals,69845
2025,10,Sant Martí,73,la Verneda i la Pau,134,Superfície_locals,56678
2025,10,Sant Martí,73,la Verneda i la Pau,135,Superfície_locals,103973
2025,10,Sant Martí,73,la Verneda i la Pau,136,Superfície_locals,55940
2025,10,Sant Martí,73,la Verneda i la Pau,137,Superfície_locals,248284
2025,10,Sant Martí,73,la Verneda i la Pau,138,Superfície_locals,228625
2025,10,Sant Martí,73,la Verneda i la Pau,139,Superfície_locals,49489
2025,10,Sant Martí,73,la Verneda i la Pau,140,Superfície_locals,52361
2025,10,Sant Martí,73,la Verneda i la Pau,141,Superfície_locals,41064
2025,10,Sant Martí,73,la Verneda i la Pau,142,Superfície_locals,60963
2025,10,Sant Martí,73,la Verneda i la Pau,143,Superfície_locals,75125
2025,1,Ciutat Vella,1,el Raval,1,Superfície_serveis,10480
2025,1,Ciutat Vella,1,el Raval,2,Superfície_serveis,11857
2025,1,Ciutat Vella,1,el Raval,3,Superfície_serveis,10247
2025,1,Ciutat Vella,1,el Raval,4,Superfície_serveis,17839
2025,1,Ciutat Vella,1,el Raval,5,Superfície_serveis,16241
2025,1,Ciutat Vella,1,el Raval,6,Superfície_serveis,11134
2025,1,Ciutat Vella,1,el Raval,7,Superfície_serveis,17390
2025,1,Ciutat Vella,1,el Raval,8,Superfície_serveis,12056
2025,1,Ciutat Vella,1,el Raval,9,Superfície_serveis,9604
2025,1,Ciutat Vella,1,el Raval,10,Superfície_serveis,8983
2025,1,Ciutat Vella,1,el Raval,11,Superfície_serveis,9939
2025,1,Ciutat Vella,1,el Raval,12,Superfície_serveis,7244
2025,1,Ciutat Vella,1,el Raval,13,Superfície_serveis,5144
2025,1,Ciutat Vella,1,el Raval,14,Superfície_serveis,5171
2025,1,Ciutat Vella,1,el Raval,15,Superfície_serveis,9803
2025,1,Ciutat Vella,1,el Raval,16,Superfície_serveis,6251
2025,1,Ciutat Vella,1,el Raval,17,Superfície_serveis,5694
2025,1,Ciutat Vella,1,el Raval,18,Superfície_serveis,13786
2025,1,Ciutat Vella,1,el Raval,19,Superfície_serveis,18045
2025,1,Ciutat Vella,1,el Raval,20,Superfície_serveis,15099
2025,1,Ciutat Vella,1,el Raval,21,Superfície_serveis,22108
2025,1,Ciutat Vella,2,el Barri Gòtic,22,Superfície_serveis,16564
2025,1,Ciutat Vella,2,el Barri Gòtic,23,Superfície_serveis,30310
2025,1,Ciutat Vella,2,el Barri Gòtic,25,Superfície_serveis,12040
2025,1,Ciutat Vella,2,el Barri Gòtic,26,Superfície_serveis,12864
2025,1,Ciutat Vella,2,el Barri Gòtic,27,Superfície_serveis,13106
2025,1,Ciutat Vella,2,el Barri Gòtic,28,Superfície_serveis,20050
2025,1,Ciutat Vella,2,el Barri Gòtic,29,Superfície_serveis,11115
2025,1,Ciutat Vella,2,el Barri Gòtic,30,Superfície_serveis,28868
2025,1,Ciutat Vella,2,el Barri Gòtic,31,Superfície_serveis,13904
2025,1,Ciutat Vella,3,la Barceloneta,32,Superfície_serveis,7213
2025,1,Ciutat Vella,3,la Barceloneta,33,Superfície_serveis,3716
2025,1,Ciutat Vella,3,la Barceloneta,34,Superfície_serveis,3493
2025,1,Ciutat Vella,3,la Barceloneta,35,Superfície_serveis,3401
2025,1,Ciutat Vella,3,la Barceloneta,36,Superfície_serveis,29123
2025,1,Ciutat Vella,3,la Barceloneta,37,Superfície_serveis,6622
2025,1,Ciutat Vella,3,la Barceloneta,38,Superfície_serveis,4636
2025,1,Ciutat Vella,3,la Barceloneta,39,Superfície_serveis,8330
2025,1,Ciutat Vella,3,la Barceloneta,40,Superfície_serveis,4778
2025,1,Ciutat Vella,3,la Barceloneta,41,Superfície_serveis,5281
2025,1,Ciutat Vella,3,la Barceloneta,42,Superfície_serveis,10454
2025,1,Ciutat Vella,4,"Sant Pere, Santa Caterina i la Ribera",43,Superfície_serveis,30012
2025,1,Ciutat Vella,4,"Sant Pere, Santa Caterina i la Ribera",44,Superfície_serveis,12682
2025,1,Ciutat Vella,4,"Sant Pere, Santa Caterina i la Ribera",45,Superfície_serveis,14319
2025,1,Ciutat Vella,4,"Sant Pere, Santa Caterina i la Ribera",46,Superfície_serveis,16358
2025,1,Ciutat Vella,4,"Sant Pere, Santa Caterina i la Ribera",47,Superfície_serveis,23094
2025,1,Ciutat Vella,4,"Sant Pere, Santa Caterina i la Ribera",48,Superfície_serveis,11839
2025,1,Ciutat Vella,4,"Sant Pere, Santa Caterina i la Ribera",49,Superfície_serveis,10495
2025,1,Ciutat Vella,4,"Sant Pere, Santa Caterina i la Ribera",50,Superfície_serveis,9846
2025,1,Ciutat Vella,4,"Sant Pere, Santa Caterina i la Ribera",51,Superfície_serveis,8070
2025,1,Ciutat Vella,4,"Sant Pere, Santa Caterina i la Ribera",52,Superfície_serveis,24919
2025,1,Ciutat Vella,4,"Sant Pere, Santa Caterina i la Ribera",53,Superfície_serveis,12629
2025,1,Ciutat Vella,4,"Sant Pere, Santa Caterina i la Ribera",54,Superfície_serveis,7342
2025,1,Ciutat Vella,4,"Sant Pere, Santa Caterina i la Ribera",55,Superfície_serveis,8464
2025,2,L'Eixample,5,el Fort Pienc,1,Superfície_serveis,14591
2025,2,L'Eixample,5,el Fort Pienc,2,Superfície_serveis,12570
2025,2,L'Eixample,5,el Fort Pienc,3,Superfície_serveis,6404
2025,2,L'Eixample,5,el Fort Pienc,4,Superfície_serveis,6136
2025,2,L'Eixample,5,el Fort Pienc,5,Superfície_serveis,23818
2025,2,L'Eixample,5,el Fort Pienc,6,Superfície_serveis,10066
2025,2,L'Eixample,5,el Fort Pienc,7,Superfície_serveis,15714
2025,2,L'Eixample,5,el Fort Pienc,8,Superfície_serveis,10202
2025,2,L'Eixample,5,el Fort Pienc,9,Superfície_serveis,16216
2025,2,L'Eixample,5,el Fort Pienc,10,Superfície_serveis,10054
2025,2,L'Eixample,5,el Fort Pienc,11,Superfície_serveis,5982
2025,2,L'Eixample,5,el Fort Pienc,12,Superfície_serveis,5051
2025,2,L'Eixample,5,el Fort Pienc,13,Superfície_serveis,12266
2025,2,L'Eixample,5,el Fort Pienc,14,Superfície_serveis,5361
2025,2,L'Eixample,5,el Fort Pienc,15,Superfície_serveis,8750
2025,2,L'Eixample,5,el Fort Pienc,16,Superfície_serveis,18296
2025,2,L'Eixample,5,el Fort Pienc,17,Superfície_serveis,12528
2025,2,L'Eixample,5,el Fort Pienc,18,Superfície_serveis,11695
2025,2,L'Eixample,5,el Fort Pienc,19,Superfície_serveis,13012
2025,2,L'Eixample,5,el Fort Pienc,20,Superfície_serveis,15016
2025,2,L'Eixample,6,la Sagrada Família,21,Superfície_serveis,11791
2025,2,L'Eixample,6,la Sagrada Família,22,Superfície_serveis,6669
2025,2,L'Eixample,6,la Sagrada Família,23,Superfície_serveis,6134
2025,2,L'Eixample,6,la Sagrada Família,24,Superfície_serveis,6274
2025,2,L'Eixample,6,la Sagrada Família,25,Superfície_serveis,5928
2025,2,L'Eixample,6,la Sagrada Família,26,Superfície_serveis,14783
2025,2,L'Eixample,6,la Sagrada Família,27,Superfície_serveis,16498
2025,2,L'Eixample,6,la Sagrada Família,28,Superfície_serveis,20043
2025,2,L'Eixample,6,la Sagrada Família,29,Superfície_serveis,7845
2025,2,L'Eixample,6,la Sagrada Família,30,Superfície_serveis,8671
2025,2,L'Eixample,6,la Sagrada Família,31,Superfície_serveis,8086
2025,2,L'Eixample,6,la Sagrada Família,32,Superfície_serveis,7099
2025,2,L'Eixample,6,la Sagrada Família,33,Superfície_serveis,6197
2025,2,L'Eixample,6,la Sagrada Família,34,Superfície_serveis,5877
2025,2,L'Eixample,6,la Sagrada Família,35,Superfície_serveis,8413
2025,2,L'Eixample,6,la Sagrada Família,36,Superfície_serveis,7507
2025,2,L'Eixample,6,la Sagrada Família,37,Superfície_serveis,7264
2025,2,L'Eixample,6,la Sagrada Família,38,Superfície_serveis,6347
2025,2,L'Eixample,6,la Sagrada Família,39,Superfície_serveis,8961
2025,2,L'Eixample,6,la Sagrada Família,40,Superfície_serveis,9624
2025,2,L'Eixample,6,la Sagrada Família,41,Superfície_serveis,12287
2025,2,L'Eixample,6,la Sagrada Família,42,Superfície_serveis,8040
2025,2,L'Eixample,6,la Sagrada Família,43,Superfície_serveis,12399
2025,2,L'Eixample,6,la Sagrada Família,44,Superfície_serveis,11519
2025,2,L'Eixample,6,la Sagrada Família,45,Superfície_serveis,5733
2025,2,L'Eixample,6,la Sagrada Família,46,Superfície_serveis,7068
2025,2,L'Eixample,6,la Sagrada Família,47,Superfície_serveis,12586
2025,2,L'Eixample,6,la Sagrada Família,48,Superfície_serveis,9936
2025,2,L'Eixample,6,la Sagrada Família,49,Superfície_serveis,15057
2025,2,L'Eixample,6,la Sagrada Família,50,Superfície_serveis,9659
2025,2,L'Eixample,6,la Sagrada Família,51,Superfície_serveis,18048
2025,2,L'Eixample,6,la Sagrada Família,52,Superfície_serveis,11087
2025,2,L'Eixample,6,la Sagrada Família,53,Superfície_serveis,18226
2025,2,L'Eixample,6,la Sagrada Família,54,Superfície_serveis,17175
2025,2,L'Eixample,7,la Dreta de l'Eixample,55,Superfície_serveis,11301
2025,2,L'Eixample,7,la Dreta de l'Eixample,56,Superfície_serveis,16541
2025,2,L'Eixample,7,la Dreta de l'Eixample,57,Superfície_serveis,8993
2025,2,L'Eixample,7,la Dreta de l'Eixample,58,Superfície_serveis,18852
2025,2,L'Eixample,7,la Dreta de l'Eixample,59,Superfície_serveis,18944
2025,2,L'Eixample,7,la Dreta de l'Eixample,60,Superfície_serveis,20554
2025,2,L'Eixample,7,la Dreta de l'Eixample,61,Superfície_serveis,10474
2025,2,L'Eixample,7,la Dreta de l'Eixample,62,Superfície_serveis,15055
2025,2,L'Eixample,7,la Dreta de l'Eixample,63,Superfície_serveis,13728
2025,2,L'Eixample,7,la Dreta de l'Eixample,64,Superfície_serveis,15914
2025,2,L'Eixample,7,la Dreta de l'Eixample,65,Superfície_serveis,18603
2025,2,L'Eixample,7,la Dreta de l'Eixample,66,Superfície_serveis,12855
2025,2,L'Eixample,7,la Dreta de l'Eixample,67,Superfície_serveis,10989
2025,2,L'Eixample,7,la Dreta de l'Eixample,68,Superfície_serveis,13612
2025,2,L'Eixample,7,la Dreta de l'Eixample,69,Superfície_serveis,18020
2025,2,L'Eixample,7,la Dreta de l'Eixample,70,Superfície_serveis,15816
2025,2,L'Eixample,7,la Dreta de l'Eixample,71,Superfície_serveis,25750
2025,2,L'Eixample,7,la Dreta de l'Eixample,72,Superfície_serveis,16029
2025,2,L'Eixample,7,la Dreta de l'Eixample,73,Superfície_serveis,26749
2025,2,L'Eixample,7,la Dreta de l'Eixample,74,Superfície_serveis,15512
2025,2,L'Eixample,7,la Dreta de l'Eixample,75,Superfície_serveis,17910
2025,2,L'Eixample,7,la Dreta de l'Eixample,76,Superfície_serveis,23953
2025,2,L'Eixample,7,la Dreta de l'Eixample,77,Superfície_serveis,61765
2025,2,L'Eixample,7,la Dreta de l'Eixample,78,Superfície_serveis,41018
2025,2,L'Eixample,7,la Dreta de l'Eixample,79,Superfície_serveis,37775
2025,2,L'Eixample,7,la Dreta de l'Eixample,80,Superfície_serveis,44367
2025,2,L'Eixample,7,la Dreta de l'Eixample,81,Superfície_serveis,43803
2025,2,L'Eixample,7,la Dreta de l'Eixample,82,Superfície_serveis,26009
2025,2,L'Eixample,7,la Dreta de l'Eixample,83,Superfície_serveis,43247
2025,2,L'Eixample,8,l'Antiga Esquerra de l'Eixample,84,Superfície_serveis,19790
2025,2,L'Eixample,8,l'Antiga Esquerra de l'Eixample,85,Superfície_serveis,24975
2025,2,L'Eixample,8,l'Antiga Esquerra de l'Eixample,86,Superfície_serveis,17902
2025,2,L'Eixample,8,l'Antiga Esquerra de l'Eixample,87,Superfície_serveis,10901
2025,2,L'Eixample,8,l'Antiga Esquerra de l'Eixample,88,Superfície_serveis,15224
2025,2,L'Eixample,8,l'Antiga Esquerra de l'Eixample,89,Superfície_serveis,20064
2025,2,L'Eixample,8,l'Antiga Esquerra de l'Eixample,90,Superfície_serveis,16606
2025,2,L'Eixample,8,l'Antiga Esquerra de l'Eixample,91,Superfície_serveis,19867
2025,2,L'Eixample,8,l'Antiga Esquerra de l'Eixample,92,Superfície_serveis,15038
2025,2,L'Eixample,8,l'Antiga Esquerra de l'Eixample,93,Superfície_serveis,23833
2025,2,L'Eixample,8,l'Antiga Esquerra de l'Eixample,94,Superfície_serveis,18945
2025,2,L'Eixample,8,l'Antiga Esquerra de l'Eixample,95,Superfície_serveis,14452
2025,2,L'Eixample,8,l'Antiga Esquerra de l'Eixample,96,Superfície_serveis,8780
2025,2,L'Eixample,8,l'Antiga Esquerra de l'Eixample,97,Superfície_serveis,11956
2025,2,L'Eixample,8,l'Antiga Esquerra de l'Eixample,98,Superfície_serveis,13524
2025,2,L'Eixample,8,l'Antiga Esquerra de l'Eixample,99,Superfície_serveis,8930
2025,2,L'Eixample,8,l'Antiga Esquerra de l'Eixample,100,Superfície_serveis,18689
2025,2,L'Eixample,8,l'Antiga Esquerra de l'Eixample,101,Superfície_serveis,18279
2025,2,L'Eixample,8,l'Antiga Esquerra de l'Eixample,102,Superfície_serveis,8966
2025,2,L'Eixample,8,l'Antiga Esquerra de l'Eixample,103,Superfície_serveis,20437
2025,2,L'Eixample,8,l'Antiga Esquerra de l'Eixample,104,Superfície_serveis,17285
2025,2,L'Eixample,8,l'Antiga Esquerra de l'Eixample,105,Superfície_serveis,16618
2025,2,L'Eixample,8,l'Antiga Esquerra de l'Eixample,106,Superfície_serveis,13326
2025,2,L'Eixample,8,l'Antiga Esquerra de l'Eixample,107,Superfície_serveis,16031
2025,2,L'Eixample,8,l'Antiga Esquerra de l'Eixample,108,Superfície_serveis,26347
2025,2,L'Eixample,8,l'Antiga Esquerra de l'Eixample,109,Superfície_serveis,17650
2025,2,L'Eixample,9,la Nova Esquerra de l'Eixample,110,Superfície_serveis,18331
2025,2,L'Eixample,9,la Nova Esquerra de l'Eixample,111,Superfície_serveis,14709
2025,2,L'Eixample,9,la Nova Esquerra de l'Eixample,112,Superfície_serveis,19013
2025,2,L'Eixample,9,la Nova Esquerra de l'Eixample,113,Superfície_serveis,42579
2025,2,L'Eixample,9,la Nova Esquerra de l'Eixample,114,Superfície_serveis,14223
2025,2,L'Eixample,9,la Nova Esquerra de l'Eixample,115,Superfície_serveis,6158
2025,2,L'Eixample,9,la Nova Esquerra de l'Eixample,116,Superfície_serveis,9195
2025,2,L'Eixample,9,la Nova Esquerra de l'Eixample,117,Superfície_serveis,7322
2025,2,L'Eixample,9,la Nova Esquerra de l'Eixample,118,Superfície_serveis,13216
2025,2,L'Eixample,9,la Nova Esquerra de l'Eixample,119,Superfície_serveis,10129
2025,2,L'Eixample,9,la Nova Esquerra de l'Eixample,120,Superfície_serveis,6789
2025,2,L'Eixample,9,la Nova Esquerra de l'Eixample,121,Superfície_serveis,12580
2025,2,L'Eixample,9,la Nova Esquerra de l'Eixample,122,Superfície_serveis,9911
2025,2,L'Eixample,9,la Nova Esquerra de l'Eixample,123,Superfície_serveis,5775
2025,2,L'Eixample,9,la Nova Esquerra de l'Eixample,124,Superfície_serveis,13048
2025,2,L'Eixample,9,la Nova Esquerra de l'Eixample,125,Superfície_serveis,10864
2025,2,L'Eixample,9,la Nova Esquerra de l'Eixample,126,Superfície_serveis,19749
2025,2,L'Eixample,9,la Nova Esquerra de l'Eixample,127,Superfície_serveis,21023
2025,2,L'Eixample,9,la Nova Esquerra de l'Eixample,128,Superfície_serveis,6263
2025,2,L'Eixample,9,la Nova Esquerra de l'Eixample,129,Superfície_serveis,8872
2025,2,L'Eixample,9,la Nova Esquerra de l'Eixample,130,Superfície_serveis,12947
2025,2,L'Eixample,9,la Nova Esquerra de l'Eixample,131,Superfície_serveis,5870
2025,2,L'Eixample,9,la Nova Esquerra de l'Eixample,132,Superfície_serveis,6498
2025,2,L'Eixample,9,la Nova Esquerra de l'Eixample,133,Superfície_serveis,4723
2025,2,L'Eixample,9,la Nova Esquerra de l'Eixample,134,Superfície_serveis,7133
2025,2,L'Eixample,9,la Nova Esquerra de l'Eixample,135,Superfície_serveis,13797
2025,2,L'Eixample,9,la Nova Esquerra de l'Eixample,136,Superfície_serveis,8152
2025,2,L'Eixample,9,la Nova Esquerra de l'Eixample,137,Superfície_serveis,13014
2025,2,L'Eixample,9,la Nova Esquerra de l'Eixample,138,Superfície_serveis,12650
2025,2,L'Eixample,9,la Nova Esquerra de l'Eixample,139,Superfície_serveis,20558
2025,2,L'Eixample,9,la Nova Esquerra de l'Eixample,140,Superfície_serveis,13031
2025,2,L'Eixample,9,la Nova Esquerra de l'Eixample,141,Superfície_serveis,21700
2025,2,L'Eixample,9,la Nova Esquerra de l'Eixample,142,Superfície_serveis,11784
2025,2,L'Eixample,9,la Nova Esquerra de l'Eixample,143,Superfície_serveis,11058
2025,2,L'Eixample,9,la Nova Esquerra de l'Eixample,144,Superfície_serveis,10902
2025,2,L'Eixample,9,la Nova Esquerra de l'Eixample,145,Superfície_serveis,10575
2025,2,L'Eixample,9,la Nova Esquerra de l'Eixample,146,Superfície_serveis,6553
2025,2,L'Eixample,9,la Nova Esquerra de l'Eixample,147,Superfície_serveis,11099
2025,2,L'Eixample,9,la Nova Esquerra de l'Eixample,148,Superfície_serveis,14399
2025,2,L'Eixample,9,la Nova Esquerra de l'Eixample,149,Superfície_serveis,10050
2025,2,L'Eixample,10,Sant Antoni,150,Superfície_serveis,14215
2025,2,L'Eixample,10,Sant Antoni,151,Superfície_serveis,13708
2025,2,L'Eixample,10,Sant Antoni,152,Superfície_serveis,16969
2025,2,L'Eixample,10,Sant Antoni,153,Superfície_serveis,17988
2025,2,L'Eixample,10,Sant Antoni,154,Superfície_serveis,7549
2025,2,L'Eixample,10,Sant Antoni,155,Superfície_serveis,10598
2025,2,L'Eixample,10,Sant Antoni,156,Superfície_serveis,6668
2025,2,L'Eixample,10,Sant Antoni,157,Superfície_serveis,5515
2025,2,L'Eixample,10,Sant Antoni,158,Superfície_serveis,10752
2025,2,L'Eixample,10,Sant Antoni,159,Superfície_serveis,11123
2025,2,L'Eixample,10,Sant Antoni,160,Superfície_serveis,11970
2025,2,L'Eixample,10,Sant Antoni,161,Superfície_serveis,7844
2025,2,L'Eixample,10,Sant Antoni,162,Superfície_serveis,5405
2025,2,L'Eixample,10,Sant Antoni,163,Superfície_serveis,10596
2025,2,L'Eixample,10,Sant Antoni,164,Superfície_serveis,11110
2025,2,L'Eixample,10,Sant Antoni,165,Superfície_serveis,13742
2025,2,L'Eixample,10,Sant Antoni,166,Superfície_serveis,19161
2025,2,L'Eixample,10,Sant Antoni,167,Superfície_serveis,19099
2025,2,L'Eixample,10,Sant Antoni,168,Superfície_serveis,24986
2025,2,L'Eixample,10,Sant Antoni,169,Superfície_serveis,12513
2025,2,L'Eixample,10,Sant Antoni,170,Superfície_serveis,10492
2025,2,L'Eixample,10,Sant Antoni,171,Superfície_serveis,9836
2025,2,L'Eixample,10,Sant Antoni,172,Superfície_serveis,6996
2025,2,L'Eixample,10,Sant Antoni,173,Superfície_serveis,9610
2025,3,Sants-Montjuïc,11,el Poble Sec,1,Superfície_serveis,11789
2025,3,Sants-Montjuïc,11,el Poble Sec,2,Superfície_serveis,10070
2025,3,Sants-Montjuïc,11,el Poble Sec,3,Superfície_serveis,7237
2025,3,Sants-Montjuïc,11,el Poble Sec,4,Superfície_serveis,10452
2025,3,Sants-Montjuïc,11,el Poble Sec,5,Superfície_serveis,6348
2025,3,Sants-Montjuïc,11,el Poble Sec,6,Superfície_serveis,5392
2025,3,Sants-Montjuïc,11,el Poble Sec,7,Superfície_serveis,8431
2025,3,Sants-Montjuïc,11,el Poble Sec,8,Superfície_serveis,5403
2025,3,Sants-Montjuïc,11,el Poble Sec,9,Superfície_serveis,5332
2025,3,Sants-Montjuïc,11,el Poble Sec,10,Superfície_serveis,8969
2025,3,Sants-Montjuïc,11,el Poble Sec,11,Superfície_serveis,9576
2025,3,Sants-Montjuïc,11,el Poble Sec,12,Superfície_serveis,8781
2025,3,Sants-Montjuïc,11,el Poble Sec,13,Superfície_serveis,6628
2025,3,Sants-Montjuïc,11,el Poble Sec,14,Superfície_serveis,6380
2025,3,Sants-Montjuïc,11,el Poble Sec,15,Superfície_serveis,14467
2025,3,Sants-Montjuïc,11,el Poble Sec,16,Superfície_serveis,8465
2025,3,Sants-Montjuïc,11,el Poble Sec,17,Superfície_serveis,6056
2025,3,Sants-Montjuïc,11,el Poble Sec,18,Superfície_serveis,7996
2025,3,Sants-Montjuïc,11,el Poble Sec,19,Superfície_serveis,14145
2025,3,Sants-Montjuïc,11,el Poble Sec,20,Superfície_serveis,7391
2025,3,Sants-Montjuïc,11,el Poble Sec,21,Superfície_serveis,3836
2025,3,Sants-Montjuïc,11,el Poble Sec,22,Superfície_serveis,6084
2025,3,Sants-Montjuïc,11,el Poble Sec,23,Superfície_serveis,8321
2025,3,Sants-Montjuïc,11,el Poble Sec,24,Superfície_serveis,11680
2025,3,Sants-Montjuïc,12,la Marina del Prat Vermell,25,Superfície_serveis,126740
2025,3,Sants-Montjuïc,13,la Marina de Port,26,Superfície_serveis,7484
2025,3,Sants-Montjuïc,13,la Marina de Port,27,Superfície_serveis,10995
2025,3,Sants-Montjuïc,13,la Marina de Port,28,Superfície_serveis,40494
2025,3,Sants-Montjuïc,13,la Marina de Port,29,Superfície_serveis,8313
2025,3,Sants-Montjuïc,13,la Marina de Port,30,Superfície_serveis,61131
2025,3,Sants-Montjuïc,13,la Marina de Port,31,Superfície_serveis,14026
2025,3,Sants-Montjuïc,13,la Marina de Port,32,Superfície_serveis,19834
2025,3,Sants-Montjuïc,13,la Marina de Port,33,Superfície_serveis,6648
2025,3,Sants-Montjuïc,13,la Marina de Port,34,Superfície_serveis,9995
2025,3,Sants-Montjuïc,13,la Marina de Port,35,Superfície_serveis,13971
2025,3,Sants-Montjuïc,13,la Marina de Port,36,Superfície_serveis,22863
2025,3,Sants-Montjuïc,13,la Marina de Port,37,Superfície_serveis,6548
2025,3,Sants-Montjuïc,13,la Marina de Port,38,Superfície_serveis,5747
2025,3,Sants-Montjuïc,13,la Marina de Port,39,Superfície_serveis,12059
2025,3,Sants-Montjuïc,13,la Marina de Port,211,Superfície_serveis,8099
2025,3,Sants-Montjuïc,13,la Marina de Port,212,Superfície_serveis,11003
2025,3,Sants-Montjuïc,13,la Marina de Port,213,Superfície_serveis,17433
2025,3,Sants-Montjuïc,14,la Font de la Guatlla,40,Superfície_serveis,11297
2025,3,Sants-Montjuïc,14,la Font de la Guatlla,41,Superfície_serveis,5519
2025,3,Sants-Montjuïc,14,la Font de la Guatlla,42,Superfície_serveis,7888
2025,3,Sants-Montjuïc,14,la Font de la Guatlla,43,Superfície_serveis,12041
2025,3,Sants-Montjuïc,14,la Font de la Guatlla,44,Superfície_serveis,14446
2025,3,Sants-Montjuïc,14,la Font de la Guatlla,45,Superfície_serveis,7223
2025,3,Sants-Montjuïc,14,la Font de la Guatlla,46,Superfície_serveis,11981
2025,3,Sants-Montjuïc,15,Hostafrancs,47,Superfície_serveis,20370
2025,3,Sants-Montjuïc,15,Hostafrancs,48,Superfície_serveis,19083
2025,3,Sants-Montjuïc,15,Hostafrancs,49,Superfície_serveis,9704
2025,3,Sants-Montjuïc,15,Hostafrancs,50,Superfície_serveis,17558
2025,3,Sants-Montjuïc,15,Hostafrancs,51,Superfície_serveis,12232
2025,3,Sants-Montjuïc,15,Hostafrancs,52,Superfície_serveis,14820
2025,3,Sants-Montjuïc,15,Hostafrancs,53,Superfície_serveis,13840
2025,3,Sants-Montjuïc,15,Hostafrancs,54,Superfície_serveis,10999
2025,3,Sants-Montjuïc,15,Hostafrancs,55,Superfície_serveis,12564
2025,3,Sants-Montjuïc,15,Hostafrancs,56,Superfície_serveis,4503
2025,3,Sants-Montjuïc,16,la Bordeta,57,Superfície_serveis,9468
2025,3,Sants-Montjuïc,16,la Bordeta,58,Superfície_serveis,21849
2025,3,Sants-Montjuïc,16,la Bordeta,59,Superfície_serveis,7156
2025,3,Sants-Montjuïc,16,la Bordeta,60,Superfície_serveis,12674
2025,3,Sants-Montjuïc,16,la Bordeta,61,Superfície_serveis,4187
2025,3,Sants-Montjuïc,16,la Bordeta,62,Superfície_serveis,6765
2025,3,Sants-Montjuïc,16,la Bordeta,63,Superfície_serveis,26597
2025,3,Sants-Montjuïc,16,la Bordeta,64,Superfície_serveis,28651
2025,3,Sants-Montjuïc,16,la Bordeta,65,Superfície_serveis,5112
2025,3,Sants-Montjuïc,16,la Bordeta,66,Superfície_serveis,14503
2025,3,Sants-Montjuïc,16,la Bordeta,67,Superfície_serveis,7970
2025,3,Sants-Montjuïc,16,la Bordeta,68,Superfície_serveis,6677
2025,3,Sants-Montjuïc,16,la Bordeta,69,Superfície_serveis,5412
2025,3,Sants-Montjuïc,17,Sants-Badal,70,Superfície_serveis,5105
2025,3,Sants-Montjuïc,17,Sants-Badal,71,Superfície_serveis,7260
2025,3,Sants-Montjuïc,17,Sants-Badal,72,Superfície_serveis,6645
2025,3,Sants-Montjuïc,17,Sants-Badal,73,Superfície_serveis,8937
2025,3,Sants-Montjuïc,17,Sants-Badal,74,Superfície_serveis,10733
2025,3,Sants-Montjuïc,17,Sants-Badal,75,Superfície_serveis,12513
2025,3,Sants-Montjuïc,17,Sants-Badal,76,Superfície_serveis,5155
2025,3,Sants-Montjuïc,17,Sants-Badal,77,Superfície_serveis,7237
2025,3,Sants-Montjuïc,17,Sants-Badal,78,Superfície_serveis,10179
2025,3,Sants-Montjuïc,17,Sants-Badal,79,Superfície_serveis,8443
2025,3,Sants-Montjuïc,17,Sants-Badal,80,Superfície_serveis,8200
2025,3,Sants-Montjuïc,17,Sants-Badal,81,Superfície_serveis,11961
2025,3,Sants-Montjuïc,17,Sants-Badal,82,Superfície_serveis,15626
2025,3,Sants-Montjuïc,17,Sants-Badal,83,Superfície_serveis,7383
2025,3,Sants-Montjuïc,17,Sants-Badal,84,Superfície_serveis,6834
2025,3,Sants-Montjuïc,17,Sants-Badal,85,Superfície_serveis,10258
2025,3,Sants-Montjuïc,18,Sants,86,Superfície_serveis,14065
2025,3,Sants-Montjuïc,18,Sants,87,Superfície_serveis,12075
2025,3,Sants-Montjuïc,18,Sants,88,Superfície_serveis,8191
2025,3,Sants-Montjuïc,18,Sants,89,Superfície_serveis,9130
2025,3,Sants-Montjuïc,18,Sants,90,Superfície_serveis,13650
2025,3,Sants-Montjuïc,18,Sants,91,Superfície_serveis,7065
2025,3,Sants-Montjuïc,18,Sants,92,Superfície_serveis,8793
2025,3,Sants-Montjuïc,18,Sants,93,Superfície_serveis,9910
2025,3,Sants-Montjuïc,18,Sants,94,Superfície_serveis,9128
2025,3,Sants-Montjuïc,18,Sants,95,Superfície_serveis,10296
2025,3,Sants-Montjuïc,18,Sants,96,Superfície_serveis,9137
2025,3,Sants-Montjuïc,18,Sants,97,Superfície_serveis,6462
2025,3,Sants-Montjuïc,18,Sants,98,Superfície_serveis,7955
2025,3,Sants-Montjuïc,18,Sants,99,Superfície_serveis,5301
2025,3,Sants-Montjuïc,18,Sants,100,Superfície_serveis,8363
2025,3,Sants-Montjuïc,18,Sants,101,Superfície_serveis,6844
2025,3,Sants-Montjuïc,18,Sants,102,Superfície_serveis,8988
2025,3,Sants-Montjuïc,18,Sants,103,Superfície_serveis,6092
2025,3,Sants-Montjuïc,18,Sants,104,Superfície_serveis,7944
2025,3,Sants-Montjuïc,18,Sants,105,Superfície_serveis,7580
2025,3,Sants-Montjuïc,18,Sants,106,Superfície_serveis,7200
2025,3,Sants-Montjuïc,18,Sants,107,Superfície_serveis,17393
2025,3,Sants-Montjuïc,18,Sants,108,Superfície_serveis,9473
2025,3,Sants-Montjuïc,18,Sants,109,Superfície_serveis,8941
2025,3,Sants-Montjuïc,18,Sants,110,Superfície_serveis,10754
2025,3,Sants-Montjuïc,18,Sants,111,Superfície_serveis,12152
2025,3,Sants-Montjuïc,18,Sants,112,Superfície_serveis,16275
2025,3,Sants-Montjuïc,18,Sants,113,Superfície_serveis,16799
2025,3,Sants-Montjuïc,18,Sants,114,Superfície_serveis,10529
2025,4,Les Corts,19,les Corts,1,Superfície_serveis,7098
2025,4,Les Corts,19,les Corts,2,Superfície_serveis,16159
2025,4,Les Corts,19,les Corts,3,Superfície_serveis,8813
2025,4,Les Corts,19,les Corts,4,Superfície_serveis,7723
2025,4,Les Corts,19,les Corts,5,Superfície_serveis,6755
2025,4,Les Corts,19,les Corts,6,Superfície_serveis,9699
2025,4,Les Corts,19,les Corts,7,Superfície_serveis,5507
2025,4,Les Corts,19,les Corts,8,Superfície_serveis,7632
2025,4,Les Corts,19,les Corts,9,Superfície_serveis,11843
2025,4,Les Corts,19,les Corts,10,Superfície_serveis,6118
2025,4,Les Corts,19,les Corts,11,Superfície_serveis,23796
2025,4,Les Corts,19,les Corts,12,Superfície_serveis,9475
2025,4,Les Corts,19,les Corts,13,Superfície_serveis,9424
2025,4,Les Corts,19,les Corts,14,Superfície_serveis,9492
2025,4,Les Corts,19,les Corts,15,Superfície_serveis,11337
2025,4,Les Corts,19,les Corts,16,Superfície_serveis,6475
2025,4,Les Corts,19,les Corts,17,Superfície_serveis,9665
2025,4,Les Corts,19,les Corts,18,Superfície_serveis,15635
2025,4,Les Corts,19,les Corts,19,Superfície_serveis,16718
2025,4,Les Corts,19,les Corts,20,Superfície_serveis,9538
2025,4,Les Corts,19,les Corts,21,Superfície_serveis,15153
2025,4,Les Corts,19,les Corts,22,Superfície_serveis,90366
2025,4,Les Corts,19,les Corts,23,Superfície_serveis,22931
2025,4,Les Corts,19,les Corts,24,Superfície_serveis,22407
2025,4,Les Corts,19,les Corts,25,Superfície_serveis,11776
2025,4,Les Corts,19,les Corts,26,Superfície_serveis,12366
2025,4,Les Corts,19,les Corts,27,Superfície_serveis,20110
2025,4,Les Corts,19,les Corts,28,Superfície_serveis,8253
2025,4,Les Corts,19,les Corts,29,Superfície_serveis,17759
2025,4,Les Corts,19,les Corts,30,Superfície_serveis,16717
2025,4,Les Corts,19,les Corts,31,Superfície_serveis,12359
2025,4,Les Corts,19,les Corts,32,Superfície_serveis,9000
2025,4,Les Corts,19,les Corts,33,Superfície_serveis,5842
2025,4,Les Corts,19,les Corts,34,Superfície_serveis,14361
2025,4,Les Corts,19,les Corts,35,Superfície_serveis,10073
2025,4,Les Corts,20,la Maternitat i Sant Ramon,36,Superfície_serveis,10092
2025,4,Les Corts,20,la Maternitat i Sant Ramon,37,Superfície_serveis,11639
2025,4,Les Corts,20,la Maternitat i Sant Ramon,38,Superfície_serveis,8696
2025,4,Les Corts,20,la Maternitat i Sant Ramon,39,Superfície_serveis,10689
2025,4,Les Corts,20,la Maternitat i Sant Ramon,40,Superfície_serveis,9483
2025,4,Les Corts,20,la Maternitat i Sant Ramon,41,Superfície_serveis,8815
2025,4,Les Corts,20,la Maternitat i Sant Ramon,42,Superfície_serveis,7839
2025,4,Les Corts,20,la Maternitat i Sant Ramon,43,Superfície_serveis,25087
2025,4,Les Corts,20,la Maternitat i Sant Ramon,44,Superfície_serveis,8921
2025,4,Les Corts,20,la Maternitat i Sant Ramon,45,Superfície_serveis,7274
2025,4,Les Corts,20,la Maternitat i Sant Ramon,46,Superfície_serveis,18787
2025,4,Les Corts,20,la Maternitat i Sant Ramon,47,Superfície_serveis,13927
2025,4,Les Corts,20,la Maternitat i Sant Ramon,48,Superfície_serveis,13557
2025,4,Les Corts,20,la Maternitat i Sant Ramon,49,Superfície_serveis,24924
2025,4,Les Corts,20,la Maternitat i Sant Ramon,84,Superfície_serveis,12821
2025,4,Les Corts,21,Pedralbes,50,Superfície_serveis,31736
2025,4,Les Corts,21,Pedralbes,51,Superfície_serveis,8471
2025,4,Les Corts,21,Pedralbes,52,Superfície_serveis,46525
2025,4,Les Corts,21,Pedralbes,53,Superfície_serveis,15500
2025,4,Les Corts,21,Pedralbes,54,Superfície_serveis,11508
2025,4,Les Corts,21,Pedralbes,55,Superfície_serveis,84134
2025,4,Les Corts,21,Pedralbes,56,Superfície_serveis,48736
2025,5,Sarrià-Sant Gervasi,22,"Vallvidrera, el Tibidabo i les Planes",1,Superfície_serveis,323
2025,5,Sarrià-Sant Gervasi,22,"Vallvidrera, el Tibidabo i les Planes",2,Superfície_serveis,5078
2025,5,Sarrià-Sant Gervasi,22,"Vallvidrera, el Tibidabo i les Planes",3,Superfície_serveis,6773
2025,5,Sarrià-Sant Gervasi,23,Sarrià,4,Superfície_serveis,3066
2025,5,Sarrià-Sant Gervasi,23,Sarrià,5,Superfície_serveis,773
2025,5,Sarrià-Sant Gervasi,23,Sarrià,6,Superfície_serveis,40171
2025,5,Sarrià-Sant Gervasi,23,Sarrià,7,Superfície_serveis,27405
2025,5,Sarrià-Sant Gervasi,23,Sarrià,8,Superfície_serveis,18993
2025,5,Sarrià-Sant Gervasi,23,Sarrià,9,Superfície_serveis,19493
2025,5,Sarrià-Sant Gervasi,23,Sarrià,10,Superfície_serveis,12916
2025,5,Sarrià-Sant Gervasi,23,Sarrià,11,Superfície_serveis,11246
2025,5,Sarrià-Sant Gervasi,23,Sarrià,12,Superfície_serveis,10612
2025,5,Sarrià-Sant Gervasi,23,Sarrià,13,Superfície_serveis,12488
2025,5,Sarrià-Sant Gervasi,23,Sarrià,14,Superfície_serveis,20583
2025,5,Sarrià-Sant Gervasi,23,Sarrià,15,Superfície_serveis,18853
2025,5,Sarrià-Sant Gervasi,23,Sarrià,16,Superfície_serveis,12720
2025,5,Sarrià-Sant Gervasi,23,Sarrià,17,Superfície_serveis,25395
2025,5,Sarrià-Sant Gervasi,23,Sarrià,18,Superfície_serveis,6489
2025,5,Sarrià-Sant Gervasi,23,Sarrià,19,Superfície_serveis,28861
2025,5,Sarrià-Sant Gervasi,24,les Tres Torres,20,Superfície_serveis,16106
2025,5,Sarrià-Sant Gervasi,24,les Tres Torres,21,Superfície_serveis,27150
2025,5,Sarrià-Sant Gervasi,24,les Tres Torres,22,Superfície_serveis,23802
2025,5,Sarrià-Sant Gervasi,24,les Tres Torres,23,Superfície_serveis,14631
2025,5,Sarrià-Sant Gervasi,24,les Tres Torres,24,Superfície_serveis,30496
2025,5,Sarrià-Sant Gervasi,24,les Tres Torres,25,Superfície_serveis,25552
2025,5,Sarrià-Sant Gervasi,24,les Tres Torres,26,Superfície_serveis,25168
2025,5,Sarrià-Sant Gervasi,24,les Tres Torres,27,Superfície_serveis,28713
2025,5,Sarrià-Sant Gervasi,24,les Tres Torres,28,Superfície_serveis,21531
2025,5,Sarrià-Sant Gervasi,24,les Tres Torres,29,Superfície_serveis,30546
2025,5,Sarrià-Sant Gervasi,24,les Tres Torres,30,Superfície_serveis,31869
2025,5,Sarrià-Sant Gervasi,25,Sant Gervasi- la Bonanova,31,Superfície_serveis,23166
2025,5,Sarrià-Sant Gervasi,25,Sant Gervasi- la Bonanova,32,Superfície_serveis,25845
2025,5,Sarrià-Sant Gervasi,25,Sant Gervasi- la Bonanova,33,Superfície_serveis,16077
2025,5,Sarrià-Sant Gervasi,25,Sant Gervasi- la Bonanova,34,Superfície_serveis,8025
2025,5,Sarrià-Sant Gervasi,25,Sant Gervasi- la Bonanova,35,Superfície_serveis,13377
2025,5,Sarrià-Sant Gervasi,25,Sant Gervasi- la Bonanova,36,Superfície_serveis,39487
2025,5,Sarrià-Sant Gervasi,25,Sant Gervasi- la Bonanova,37,Superfície_serveis,16288
2025,5,Sarrià-Sant Gervasi,25,Sant Gervasi- la Bonanova,38,Superfície_serveis,14464
2025,5,Sarrià-Sant Gervasi,25,Sant Gervasi- la Bonanova,39,Superfície_serveis,29154
2025,5,Sarrià-Sant Gervasi,25,Sant Gervasi- la Bonanova,40,Superfície_serveis,12492
2025,5,Sarrià-Sant Gervasi,25,Sant Gervasi- la Bonanova,41,Superfície_serveis,15331
2025,5,Sarrià-Sant Gervasi,25,Sant Gervasi- la Bonanova,42,Superfície_serveis,12493
2025,5,Sarrià-Sant Gervasi,25,Sant Gervasi- la Bonanova,43,Superfície_serveis,16613
2025,5,Sarrià-Sant Gervasi,25,Sant Gervasi- la Bonanova,44,Superfície_serveis,8935
2025,5,Sarrià-Sant Gervasi,25,Sant Gervasi- la Bonanova,45,Superfície_serveis,17899
2025,5,Sarrià-Sant Gervasi,25,Sant Gervasi- la Bonanova,46,Superfície_serveis,18613
2025,5,Sarrià-Sant Gervasi,25,Sant Gervasi- la Bonanova,47,Superfície_serveis,14993
2025,5,Sarrià-Sant Gervasi,25,Sant Gervasi- la Bonanova,48,Superfície_serveis,13097
2025,5,Sarrià-Sant Gervasi,26,Sant Gervasi- Galvany,49,Superfície_serveis,32106
2025,5,Sarrià-Sant Gervasi,26,Sant Gervasi- Galvany,50,Superfície_serveis,25070
2025,5,Sarrià-Sant Gervasi,26,Sant Gervasi- Galvany,51,Superfície_serveis,38194
2025,5,Sarrià-Sant Gervasi,26,Sant Gervasi- Galvany,52,Superfície_serveis,24668
2025,5,Sarrià-Sant Gervasi,26,Sant Gervasi- Galvany,53,Superfície_serveis,33889
2025,5,Sarrià-Sant Gervasi,26,Sant Gervasi- Galvany,54,Superfície_serveis,24144
2025,5,Sarrià-Sant Gervasi,26,Sant Gervasi- Galvany,55,Superfície_serveis,26682
2025,5,Sarrià-Sant Gervasi,26,Sant Gervasi- Galvany,56,Superfície_serveis,16368
2025,5,Sarrià-Sant Gervasi,26,Sant Gervasi- Galvany,57,Superfície_serveis,34102
2025,5,Sarrià-Sant Gervasi,26,Sant Gervasi- Galvany,58,Superfície_serveis,22469
2025,5,Sarrià-Sant Gervasi,26,Sant Gervasi- Galvany,59,Superfície_serveis,21110
2025,5,Sarrià-Sant Gervasi,26,Sant Gervasi- Galvany,60,Superfície_serveis,16036
2025,5,Sarrià-Sant Gervasi,26,Sant Gervasi- Galvany,61,Superfície_serveis,15198
2025,5,Sarrià-Sant Gervasi,26,Sant Gervasi- Galvany,62,Superfície_serveis,15514
2025,5,Sarrià-Sant Gervasi,26,Sant Gervasi- Galvany,63,Superfície_serveis,19171
2025,5,Sarrià-Sant Gervasi,26,Sant Gervasi- Galvany,64,Superfície_serveis,15821
2025,5,Sarrià-Sant Gervasi,26,Sant Gervasi- Galvany,65,Superfície_serveis,24934
2025,5,Sarrià-Sant Gervasi,26,Sant Gervasi- Galvany,66,Superfície_serveis,21630
2025,5,Sarrià-Sant Gervasi,26,Sant Gervasi- Galvany,67,Superfície_serveis,31239
2025,5,Sarrià-Sant Gervasi,26,Sant Gervasi- Galvany,68,Superfície_serveis,29072
2025,5,Sarrià-Sant Gervasi,26,Sant Gervasi- Galvany,69,Superfície_serveis,25341
2025,5,Sarrià-Sant Gervasi,26,Sant Gervasi- Galvany,70,Superfície_serveis,13623
2025,5,Sarrià-Sant Gervasi,26,Sant Gervasi- Galvany,71,Superfície_serveis,22369
2025,5,Sarrià-Sant Gervasi,26,Sant Gervasi- Galvany,72,Superfície_serveis,17749
2025,5,Sarrià-Sant Gervasi,26,Sant Gervasi- Galvany,73,Superfície_serveis,22396
2025,5,Sarrià-Sant Gervasi,26,Sant Gervasi- Galvany,74,Superfície_serveis,23425
2025,5,Sarrià-Sant Gervasi,26,Sant Gervasi- Galvany,75,Superfície_serveis,18973
2025,5,Sarrià-Sant Gervasi,26,Sant Gervasi- Galvany,76,Superfície_serveis,18576
2025,5,Sarrià-Sant Gervasi,26,Sant Gervasi- Galvany,77,Superfície_serveis,13869
2025,5,Sarrià-Sant Gervasi,26,Sant Gervasi- Galvany,78,Superfície_serveis,22838
2025,5,Sarrià-Sant Gervasi,26,Sant Gervasi- Galvany,79,Superfície_serveis,11931
2025,5,Sarrià-Sant Gervasi,27,el Putxet i el Farró,80,Superfície_serveis,8310
2025,5,Sarrià-Sant Gervasi,27,el Putxet i el Farró,81,Superfície_serveis,14703
2025,5,Sarrià-Sant Gervasi,27,el Putxet i el Farró,82,Superfície_serveis,14072
2025,5,Sarrià-Sant Gervasi,27,el Putxet i el Farró,83,Superfície_serveis,13948
2025,5,Sarrià-Sant Gervasi,27,el Putxet i el Farró,84,Superfície_serveis,9335
2025,5,Sarrià-Sant Gervasi,27,el Putxet i el Farró,85,Superfície_serveis,8997
2025,5,Sarrià-Sant Gervasi,27,el Putxet i el Farró,86,Superfície_serveis,15287
2025,5,Sarrià-Sant Gervasi,27,el Putxet i el Farró,87,Superfície_serveis,13439
2025,5,Sarrià-Sant Gervasi,27,el Putxet i el Farró,88,Superfície_serveis,14948
2025,5,Sarrià-Sant Gervasi,27,el Putxet i el Farró,89,Superfície_serveis,17206
2025,5,Sarrià-Sant Gervasi,27,el Putxet i el Farró,90,Superfície_serveis,12678
2025,5,Sarrià-Sant Gervasi,27,el Putxet i el Farró,91,Superfície_serveis,12181
2025,5,Sarrià-Sant Gervasi,27,el Putxet i el Farró,92,Superfície_serveis,18883
2025,5,Sarrià-Sant Gervasi,27,el Putxet i el Farró,93,Superfície_serveis,21244
2025,5,Sarrià-Sant Gervasi,27,el Putxet i el Farró,94,Superfície_serveis,30827
2025,5,Sarrià-Sant Gervasi,27,el Putxet i el Farró,95,Superfície_serveis,14359
2025,5,Sarrià-Sant Gervasi,27,el Putxet i el Farró,96,Superfície_serveis,10388
2025,5,Sarrià-Sant Gervasi,27,el Putxet i el Farró,97,Superfície_serveis,13363
2025,5,Sarrià-Sant Gervasi,27,el Putxet i el Farró,98,Superfície_serveis,11468
2025,6,Gràcia,28,Vallcarca i els Penitents,1,Superfície_serveis,12038
2025,6,Gràcia,28,Vallcarca i els Penitents,2,Superfície_serveis,9217
2025,6,Gràcia,28,Vallcarca i els Penitents,3,Superfície_serveis,14506
2025,6,Gràcia,28,Vallcarca i els Penitents,4,Superfície_serveis,9456
2025,6,Gràcia,28,Vallcarca i els Penitents,6,Superfície_serveis,11070
2025,6,Gràcia,28,Vallcarca i els Penitents,7,Superfície_serveis,27763
2025,6,Gràcia,28,Vallcarca i els Penitents,8,Superfície_serveis,13153
2025,6,Gràcia,28,Vallcarca i els Penitents,9,Superfície_serveis,7819
2025,6,Gràcia,28,Vallcarca i els Penitents,10,Superfície_serveis,6591
2025,6,Gràcia,28,Vallcarca i els Penitents,11,Superfície_serveis,6052
2025,6,Gràcia,28,Vallcarca i els Penitents,12,Superfície_serveis,4923
2025,6,Gràcia,29,el Coll,13,Superfície_serveis,11828
2025,6,Gràcia,29,el Coll,14,Superfície_serveis,7114
2025,6,Gràcia,29,el Coll,15,Superfície_serveis,7739
2025,6,Gràcia,29,el Coll,16,Superfície_serveis,8358
2025,6,Gràcia,29,el Coll,17,Superfície_serveis,11130
2025,6,Gràcia,30,la Salut,18,Superfície_serveis,13116
2025,6,Gràcia,30,la Salut,19,Superfície_serveis,7511
2025,6,Gràcia,30,la Salut,20,Superfície_serveis,10008
2025,6,Gràcia,30,la Salut,21,Superfície_serveis,14654
2025,6,Gràcia,30,la Salut,22,Superfície_serveis,5884
2025,6,Gràcia,30,la Salut,23,Superfície_serveis,5644
2025,6,Gràcia,30,la Salut,24,Superfície_serveis,14561
2025,6,Gràcia,30,la Salut,25,Superfície_serveis,9973
2025,6,Gràcia,30,la Salut,26,Superfície_serveis,7832
2025,6,Gràcia,30,la Salut,27,Superfície_serveis,7916
2025,6,Gràcia,31,la Vila de Gràcia,28,Superfície_serveis,8063
2025,6,Gràcia,31,la Vila de Gràcia,29,Superfície_serveis,13082
2025,6,Gràcia,31,la Vila de Gràcia,30,Superfície_serveis,7228
2025,6,Gràcia,31,la Vila de Gràcia,31,Superfície_serveis,6566
2025,6,Gràcia,31,la Vila de Gràcia,32,Superfície_serveis,6590
2025,6,Gràcia,31,la Vila de Gràcia,33,Superfície_serveis,10280
2025,6,Gràcia,31,la Vila de Gràcia,34,Superfície_serveis,6696
2025,6,Gràcia,31,la Vila de Gràcia,35,Superfície_serveis,6173
2025,6,Gràcia,31,la Vila de Gràcia,36,Superfície_serveis,11075
2025,6,Gràcia,31,la Vila de Gràcia,37,Superfície_serveis,13628
2025,6,Gràcia,31,la Vila de Gràcia,38,Superfície_serveis,10768
2025,6,Gràcia,31,la Vila de Gràcia,39,Superfície_serveis,17816
2025,6,Gràcia,31,la Vila de Gràcia,40,Superfície_serveis,14493
2025,6,Gràcia,31,la Vila de Gràcia,41,Superfície_serveis,13623
2025,6,Gràcia,31,la Vila de Gràcia,42,Superfície_serveis,14439
2025,6,Gràcia,31,la Vila de Gràcia,43,Superfície_serveis,9921
2025,6,Gràcia,31,la Vila de Gràcia,44,Superfície_serveis,23472
2025,6,Gràcia,31,la Vila de Gràcia,45,Superfície_serveis,13419
2025,6,Gràcia,31,la Vila de Gràcia,46,Superfície_serveis,5599
2025,6,Gràcia,31,la Vila de Gràcia,47,Superfície_serveis,6726
2025,6,Gràcia,31,la Vila de Gràcia,48,Superfície_serveis,7641
2025,6,Gràcia,31,la Vila de Gràcia,49,Superfície_serveis,7464
2025,6,Gràcia,31,la Vila de Gràcia,50,Superfície_serveis,10080
2025,6,Gràcia,31,la Vila de Gràcia,51,Superfície_serveis,10285
2025,6,Gràcia,31,la Vila de Gràcia,52,Superfície_serveis,9396
2025,6,Gràcia,31,la Vila de Gràcia,53,Superfície_serveis,8534
2025,6,Gràcia,31,la Vila de Gràcia,54,Superfície_serveis,11312
2025,6,Gràcia,31,la Vila de Gràcia,55,Superfície_serveis,13214
2025,6,Gràcia,31,la Vila de Gràcia,56,Superfície_serveis,6047
2025,6,Gràcia,31,la Vila de Gràcia,57,Superfície_serveis,11790
2025,6,Gràcia,31,la Vila de Gràcia,58,Superfície_serveis,12824
2025,6,Gràcia,31,la Vila de Gràcia,59,Superfície_serveis,12420
2025,6,Gràcia,31,la Vila de Gràcia,60,Superfície_serveis,11496
2025,6,Gràcia,31,la Vila de Gràcia,61,Superfície_serveis,8228
2025,6,Gràcia,31,la Vila de Gràcia,62,Superfície_serveis,5455
2025,6,Gràcia,31,la Vila de Gràcia,63,Superfície_serveis,13584
2025,6,Gràcia,32,el Camp d'en Grassot i Gràcia Nova,64,Superfície_serveis,13347
2025,6,Gràcia,32,el Camp d'en Grassot i Gràcia Nova,65,Superfície_serveis,6196
2025,6,Gràcia,32,el Camp d'en Grassot i Gràcia Nova,66,Superfície_serveis,5819
2025,6,Gràcia,32,el Camp d'en Grassot i Gràcia Nova,67,Superfície_serveis,14263
2025,6,Gràcia,32,el Camp d'en Grassot i Gràcia Nova,68,Superfície_serveis,10980
2025,6,Gràcia,32,el Camp d'en Grassot i Gràcia Nova,69,Superfície_serveis,5413
2025,6,Gràcia,32,el Camp d'en Grassot i Gràcia Nova,70,Superfície_serveis,12610
2025,6,Gràcia,32,el Camp d'en Grassot i Gràcia Nova,71,Superfície_serveis,14255
2025,6,Gràcia,32,el Camp d'en Grassot i Gràcia Nova,72,Superfície_serveis,12574
2025,6,Gràcia,32,el Camp d'en Grassot i Gràcia Nova,73,Superfície_serveis,6232
2025,6,Gràcia,32,el Camp d'en Grassot i Gràcia Nova,74,Superfície_serveis,5974
2025,6,Gràcia,32,el Camp d'en Grassot i Gràcia Nova,75,Superfície_serveis,7722
2025,6,Gràcia,32,el Camp d'en Grassot i Gràcia Nova,76,Superfície_serveis,14426
2025,6,Gràcia,32,el Camp d'en Grassot i Gràcia Nova,77,Superfície_serveis,7877
2025,6,Gràcia,32,el Camp d'en Grassot i Gràcia Nova,78,Superfície_serveis,12776
2025,6,Gràcia,32,el Camp d'en Grassot i Gràcia Nova,79,Superfície_serveis,7499
2025,6,Gràcia,32,el Camp d'en Grassot i Gràcia Nova,80,Superfície_serveis,6062
2025,6,Gràcia,32,el Camp d'en Grassot i Gràcia Nova,81,Superfície_serveis,7070
2025,6,Gràcia,32,el Camp d'en Grassot i Gràcia Nova,82,Superfície_serveis,12878
2025,6,Gràcia,32,el Camp d'en Grassot i Gràcia Nova,83,Superfície_serveis,9803
2025,6,Gràcia,32,el Camp d'en Grassot i Gràcia Nova,84,Superfície_serveis,10100
2025,6,Gràcia,32,el Camp d'en Grassot i Gràcia Nova,85,Superfície_serveis,11233
2025,6,Gràcia,32,el Camp d'en Grassot i Gràcia Nova,86,Superfície_serveis,12898
2025,6,Gràcia,32,el Camp d'en Grassot i Gràcia Nova,87,Superfície_serveis,23872
2025,6,Gràcia,32,el Camp d'en Grassot i Gràcia Nova,88,Superfície_serveis,10644
2025,7,Horta-Guinardó,33,el Baix Guinardó,1,Superfície_serveis,8453
2025,7,Horta-Guinardó,33,el Baix Guinardó,2,Superfície_serveis,15724
2025,7,Horta-Guinardó,33,el Baix Guinardó,3,Superfície_serveis,8498
2025,7,Horta-Guinardó,33,el Baix Guinardó,4,Superfície_serveis,8195
2025,7,Horta-Guinardó,33,el Baix Guinardó,5,Superfície_serveis,8028
2025,7,Horta-Guinardó,33,el Baix Guinardó,6,Superfície_serveis,5933
2025,7,Horta-Guinardó,33,el Baix Guinardó,7,Superfície_serveis,10682
2025,7,Horta-Guinardó,33,el Baix Guinardó,8,Superfície_serveis,9267
2025,7,Horta-Guinardó,33,el Baix Guinardó,9,Superfície_serveis,7927
2025,7,Horta-Guinardó,33,el Baix Guinardó,10,Superfície_serveis,6293
2025,7,Horta-Guinardó,33,el Baix Guinardó,11,Superfície_serveis,7657
2025,7,Horta-Guinardó,33,el Baix Guinardó,12,Superfície_serveis,13016
2025,7,Horta-Guinardó,33,el Baix Guinardó,13,Superfície_serveis,11196
2025,7,Horta-Guinardó,33,el Baix Guinardó,14,Superfície_serveis,2776
2025,7,Horta-Guinardó,33,el Baix Guinardó,15,Superfície_serveis,6335
2025,7,Horta-Guinardó,33,el Baix Guinardó,16,Superfície_serveis,8721
2025,7,Horta-Guinardó,33,el Baix Guinardó,17,Superfície_serveis,8251
2025,7,Horta-Guinardó,33,el Baix Guinardó,18,Superfície_serveis,6957
2025,7,Horta-Guinardó,33,el Baix Guinardó,19,Superfície_serveis,10043
2025,7,Horta-Guinardó,34,Can Baró,20,Superfície_serveis,9881
2025,7,Horta-Guinardó,34,Can Baró,21,Superfície_serveis,5125
2025,7,Horta-Guinardó,34,Can Baró,22,Superfície_serveis,6418
2025,7,Horta-Guinardó,34,Can Baró,23,Superfície_serveis,5660
2025,7,Horta-Guinardó,34,Can Baró,24,Superfície_serveis,8267
2025,7,Horta-Guinardó,34,Can Baró,25,Superfície_serveis,7755
2025,7,Horta-Guinardó,34,Can Baró,26,Superfície_serveis,4525
2025,7,Horta-Guinardó,35,el Guinardó,27,Superfície_serveis,9927
2025,7,Horta-Guinardó,35,el Guinardó,28,Superfície_serveis,6546
2025,7,Horta-Guinardó,35,el Guinardó,29,Superfície_serveis,5571
2025,7,Horta-Guinardó,35,el Guinardó,30,Superfície_serveis,6549
2025,7,Horta-Guinardó,35,el Guinardó,31,Superfície_serveis,9712
2025,7,Horta-Guinardó,35,el Guinardó,32,Superfície_serveis,8649
2025,7,Horta-Guinardó,35,el Guinardó,33,Superfície_serveis,13573
2025,7,Horta-Guinardó,35,el Guinardó,34,Superfície_serveis,16285
2025,7,Horta-Guinardó,35,el Guinardó,35,Superfície_serveis,11261
2025,7,Horta-Guinardó,35,el Guinardó,36,Superfície_serveis,11014
2025,7,Horta-Guinardó,35,el Guinardó,37,Superfície_serveis,8658
2025,7,Horta-Guinardó,35,el Guinardó,38,Superfície_serveis,5627
2025,7,Horta-Guinardó,35,el Guinardó,39,Superfície_serveis,10544
2025,7,Horta-Guinardó,35,el Guinardó,40,Superfície_serveis,14274
2025,7,Horta-Guinardó,35,el Guinardó,41,Superfície_serveis,6454
2025,7,Horta-Guinardó,35,el Guinardó,42,Superfície_serveis,14724
2025,7,Horta-Guinardó,35,el Guinardó,43,Superfície_serveis,9745
2025,7,Horta-Guinardó,35,el Guinardó,44,Superfície_serveis,8743
2025,7,Horta-Guinardó,35,el Guinardó,45,Superfície_serveis,10690
2025,7,Horta-Guinardó,35,el Guinardó,46,Superfície_serveis,7957
2025,7,Horta-Guinardó,35,el Guinardó,47,Superfície_serveis,8027
2025,7,Horta-Guinardó,35,el Guinardó,48,Superfície_serveis,6578
2025,7,Horta-Guinardó,35,el Guinardó,49,Superfície_serveis,6699
2025,7,Horta-Guinardó,35,el Guinardó,50,Superfície_serveis,8962
2025,7,Horta-Guinardó,35,el Guinardó,51,Superfície_serveis,10049
2025,7,Horta-Guinardó,36,la Font d'en Fargues,52,Superfície_serveis,10158
2025,7,Horta-Guinardó,36,la Font d'en Fargues,53,Superfície_serveis,8302
2025,7,Horta-Guinardó,36,la Font d'en Fargues,54,Superfície_serveis,13595
2025,7,Horta-Guinardó,36,la Font d'en Fargues,55,Superfície_serveis,14741
2025,7,Horta-Guinardó,36,la Font d'en Fargues,56,Superfície_serveis,5491
2025,7,Horta-Guinardó,36,la Font d'en Fargues,57,Superfície_serveis,6585
2025,7,Horta-Guinardó,36,la Font d'en Fargues,58,Superfície_serveis,5803
2025,7,Horta-Guinardó,37,el Carmel,59,Superfície_serveis,5079
2025,7,Horta-Guinardó,37,el Carmel,60,Superfície_serveis,6085
2025,7,Horta-Guinardó,37,el Carmel,61,Superfície_serveis,4074
2025,7,Horta-Guinardó,37,el Carmel,62,Superfície_serveis,10268
2025,7,Horta-Guinardó,37,el Carmel,63,Superfície_serveis,5142
2025,7,Horta-Guinardó,37,el Carmel,64,Superfície_serveis,10531
2025,7,Horta-Guinardó,37,el Carmel,65,Superfície_serveis,8942
2025,7,Horta-Guinardó,37,el Carmel,66,Superfície_serveis,7322
2025,7,Horta-Guinardó,37,el Carmel,67,Superfície_serveis,5721
2025,7,Horta-Guinardó,37,el Carmel,68,Superfície_serveis,4167
2025,7,Horta-Guinardó,37,el Carmel,69,Superfície_serveis,5026
2025,7,Horta-Guinardó,37,el Carmel,70,Superfície_serveis,10287
2025,7,Horta-Guinardó,37,el Carmel,71,Superfície_serveis,8937
2025,7,Horta-Guinardó,37,el Carmel,72,Superfície_serveis,6824
2025,7,Horta-Guinardó,37,el Carmel,73,Superfície_serveis,3510
2025,7,Horta-Guinardó,37,el Carmel,74,Superfície_serveis,4751
2025,7,Horta-Guinardó,37,el Carmel,75,Superfície_serveis,3920
2025,7,Horta-Guinardó,37,el Carmel,76,Superfície_serveis,4937
2025,7,Horta-Guinardó,37,el Carmel,77,Superfície_serveis,5198
2025,7,Horta-Guinardó,37,el Carmel,78,Superfície_serveis,7302
2025,7,Horta-Guinardó,37,el Carmel,79,Superfície_serveis,9113
2025,7,Horta-Guinardó,37,el Carmel,80,Superfície_serveis,12053
2025,7,Horta-Guinardó,38,la Teixonera,81,Superfície_serveis,11353
2025,7,Horta-Guinardó,38,la Teixonera,82,Superfície_serveis,7066
2025,7,Horta-Guinardó,38,la Teixonera,83,Superfície_serveis,5978
2025,7,Horta-Guinardó,38,la Teixonera,84,Superfície_serveis,5982
2025,7,Horta-Guinardó,38,la Teixonera,85,Superfície_serveis,7343
2025,7,Horta-Guinardó,38,la Teixonera,86,Superfície_serveis,5374
2025,7,Horta-Guinardó,38,la Teixonera,87,Superfície_serveis,9950
2025,7,Horta-Guinardó,38,la Teixonera,88,Superfície_serveis,18158
2025,7,Horta-Guinardó,39,Sant Genís dels Agudells,89,Superfície_serveis,9792
2025,7,Horta-Guinardó,39,Sant Genís dels Agudells,90,Superfície_serveis,5726
2025,7,Horta-Guinardó,39,Sant Genís dels Agudells,91,Superfície_serveis,3843
2025,7,Horta-Guinardó,39,Sant Genís dels Agudells,92,Superfície_serveis,4857
2025,7,Horta-Guinardó,39,Sant Genís dels Agudells,93,Superfície_serveis,8736
2025,7,Horta-Guinardó,40,Montbau,94,Superfície_serveis,7931
2025,7,Horta-Guinardó,40,Montbau,95,Superfície_serveis,6319
2025,7,Horta-Guinardó,40,Montbau,96,Superfície_serveis,4910
2025,7,Horta-Guinardó,40,Montbau,97,Superfície_serveis,2703
2025,7,Horta-Guinardó,41,la Vall d'Hebron,98,Superfície_serveis,20676
2025,7,Horta-Guinardó,41,la Vall d'Hebron,99,Superfície_serveis,0
2025,7,Horta-Guinardó,41,la Vall d'Hebron,100,Superfície_serveis,2917
2025,7,Horta-Guinardó,41,la Vall d'Hebron,101,Superfície_serveis,8768
2025,7,Horta-Guinardó,42,la Clota,102,Superfície_serveis,19467
2025,7,Horta-Guinardó,43,Horta,103,Superfície_serveis,4510
2025,7,Horta-Guinardó,43,Horta,104,Superfície_serveis,4396
2025,7,Horta-Guinardó,43,Horta,105,Superfície_serveis,5890
2025,7,Horta-Guinardó,43,Horta,106,Superfície_serveis,7089
2025,7,Horta-Guinardó,43,Horta,107,Superfície_serveis,8159
2025,7,Horta-Guinardó,43,Horta,108,Superfície_serveis,5227
2025,7,Horta-Guinardó,43,Horta,109,Superfície_serveis,4894
2025,7,Horta-Guinardó,43,Horta,110,Superfície_serveis,5960
2025,7,Horta-Guinardó,43,Horta,111,Superfície_serveis,4806
2025,7,Horta-Guinardó,43,Horta,112,Superfície_serveis,5070
2025,7,Horta-Guinardó,43,Horta,113,Superfície_serveis,4969
2025,7,Horta-Guinardó,43,Horta,114,Superfície_serveis,6464
2025,7,Horta-Guinardó,43,Horta,115,Superfície_serveis,7450
2025,7,Horta-Guinardó,43,Horta,116,Superfície_serveis,8072
2025,7,Horta-Guinardó,43,Horta,117,Superfície_serveis,8066
2025,7,Horta-Guinardó,43,Horta,118,Superfície_serveis,8479
2025,7,Horta-Guinardó,43,Horta,119,Superfície_serveis,8267
2025,7,Horta-Guinardó,43,Horta,120,Superfície_serveis,4883
2025,7,Horta-Guinardó,43,Horta,121,Superfície_serveis,8724
2025,7,Horta-Guinardó,43,Horta,122,Superfície_serveis,10655
2025,7,Horta-Guinardó,43,Horta,123,Superfície_serveis,9043
2025,8,Nou Barris,44,Vilapicina i la Torre Llobeta,1,Superfície_serveis,7572
2025,8,Nou Barris,44,Vilapicina i la Torre Llobeta,2,Superfície_serveis,11999
2025,8,Nou Barris,44,Vilapicina i la Torre Llobeta,3,Superfície_serveis,6410
2025,8,Nou Barris,44,Vilapicina i la Torre Llobeta,4,Superfície_serveis,7524
2025,8,Nou Barris,44,Vilapicina i la Torre Llobeta,5,Superfície_serveis,7650
2025,8,Nou Barris,44,Vilapicina i la Torre Llobeta,6,Superfície_serveis,10958
2025,8,Nou Barris,44,Vilapicina i la Torre Llobeta,7,Superfície_serveis,6343
2025,8,Nou Barris,44,Vilapicina i la Torre Llobeta,8,Superfície_serveis,10678
2025,8,Nou Barris,44,Vilapicina i la Torre Llobeta,9,Superfície_serveis,9778
2025,8,Nou Barris,44,Vilapicina i la Torre Llobeta,10,Superfície_serveis,10319
2025,8,Nou Barris,44,Vilapicina i la Torre Llobeta,11,Superfície_serveis,9865
2025,8,Nou Barris,44,Vilapicina i la Torre Llobeta,12,Superfície_serveis,4579
2025,8,Nou Barris,44,Vilapicina i la Torre Llobeta,13,Superfície_serveis,5519
2025,8,Nou Barris,44,Vilapicina i la Torre Llobeta,14,Superfície_serveis,10160
2025,8,Nou Barris,44,Vilapicina i la Torre Llobeta,15,Superfície_serveis,5708
2025,8,Nou Barris,44,Vilapicina i la Torre Llobeta,16,Superfície_serveis,6820
2025,8,Nou Barris,44,Vilapicina i la Torre Llobeta,17,Superfície_serveis,9733
2025,8,Nou Barris,44,Vilapicina i la Torre Llobeta,18,Superfície_serveis,4595
2025,8,Nou Barris,44,Vilapicina i la Torre Llobeta,19,Superfície_serveis,7279
2025,8,Nou Barris,45,Porta,20,Superfície_serveis,8184
2025,8,Nou Barris,45,Porta,21,Superfície_serveis,9850
2025,8,Nou Barris,45,Porta,22,Superfície_serveis,9162
2025,8,Nou Barris,45,Porta,23,Superfície_serveis,5840
2025,8,Nou Barris,45,Porta,24,Superfície_serveis,7021
2025,8,Nou Barris,45,Porta,25,Superfície_serveis,5649
2025,8,Nou Barris,45,Porta,26,Superfície_serveis,15137
2025,8,Nou Barris,45,Porta,27,Superfície_serveis,12329
2025,8,Nou Barris,45,Porta,28,Superfície_serveis,4324
2025,8,Nou Barris,45,Porta,29,Superfície_serveis,11815
2025,8,Nou Barris,45,Porta,30,Superfície_serveis,8089
2025,8,Nou Barris,45,Porta,31,Superfície_serveis,12112
2025,8,Nou Barris,45,Porta,32,Superfície_serveis,12870
2025,8,Nou Barris,45,Porta,33,Superfície_serveis,12184
2025,8,Nou Barris,45,Porta,34,Superfície_serveis,3284
2025,8,Nou Barris,45,Porta,35,Superfície_serveis,8414
2025,8,Nou Barris,45,Porta,36,Superfície_serveis,4503
2025,8,Nou Barris,45,Porta,37,Superfície_serveis,6383
2025,8,Nou Barris,46,el Turó de la Peira,38,Superfície_serveis,6664
2025,8,Nou Barris,46,el Turó de la Peira,39,Superfície_serveis,6877
2025,8,Nou Barris,46,el Turó de la Peira,40,Superfície_serveis,17258
2025,8,Nou Barris,46,el Turó de la Peira,41,Superfície_serveis,5894
2025,8,Nou Barris,46,el Turó de la Peira,42,Superfície_serveis,6721
2025,8,Nou Barris,46,el Turó de la Peira,43,Superfície_serveis,5324
2025,8,Nou Barris,46,el Turó de la Peira,44,Superfície_serveis,3567
2025,8,Nou Barris,46,el Turó de la Peira,45,Superfície_serveis,4556
2025,8,Nou Barris,46,el Turó de la Peira,46,Superfície_serveis,4047
2025,8,Nou Barris,46,el Turó de la Peira,47,Superfície_serveis,4086
2025,8,Nou Barris,47,Can Peguera,48,Superfície_serveis,0
2025,8,Nou Barris,47,Can Peguera,49,Superfície_serveis,10188
2025,8,Nou Barris,48,la Guineueta,50,Superfície_serveis,10379
2025,8,Nou Barris,48,la Guineueta,51,Superfície_serveis,16455
2025,8,Nou Barris,48,la Guineueta,52,Superfície_serveis,3167
2025,8,Nou Barris,48,la Guineueta,53,Superfície_serveis,9054
2025,8,Nou Barris,48,la Guineueta,54,Superfície_serveis,10349
2025,8,Nou Barris,48,la Guineueta,55,Superfície_serveis,13653
2025,8,Nou Barris,48,la Guineueta,56,Superfície_serveis,6731
2025,8,Nou Barris,48,la Guineueta,57,Superfície_serveis,7148
2025,8,Nou Barris,48,la Guineueta,58,Superfície_serveis,10150
2025,8,Nou Barris,48,la Guineueta,59,Superfície_serveis,5772
2025,8,Nou Barris,48,la Guineueta,215,Superfície_serveis,17430
2025,8,Nou Barris,49,Canyelles,60,Superfície_serveis,8684
2025,8,Nou Barris,49,Canyelles,61,Superfície_serveis,7237
2025,8,Nou Barris,49,Canyelles,62,Superfície_serveis,16163
2025,8,Nou Barris,49,Canyelles,63,Superfície_serveis,4885
2025,8,Nou Barris,49,Canyelles,64,Superfície_serveis,9458
2025,8,Nou Barris,50,les Roquetes,65,Superfície_serveis,5569
2025,8,Nou Barris,50,les Roquetes,66,Superfície_serveis,4864
2025,8,Nou Barris,50,les Roquetes,67,Superfície_serveis,12109
2025,8,Nou Barris,50,les Roquetes,68,Superfície_serveis,5436
2025,8,Nou Barris,50,les Roquetes,69,Superfície_serveis,5172
2025,8,Nou Barris,50,les Roquetes,70,Superfície_serveis,7832
2025,8,Nou Barris,50,les Roquetes,71,Superfície_serveis,9472
2025,8,Nou Barris,50,les Roquetes,72,Superfície_serveis,6054
2025,8,Nou Barris,50,les Roquetes,73,Superfície_serveis,4458
2025,8,Nou Barris,50,les Roquetes,74,Superfície_serveis,9973
2025,8,Nou Barris,51,Verdun,75,Superfície_serveis,8338
2025,8,Nou Barris,51,Verdun,76,Superfície_serveis,5829
2025,8,Nou Barris,51,Verdun,77,Superfície_serveis,16509
2025,8,Nou Barris,51,Verdun,78,Superfície_serveis,6800
2025,8,Nou Barris,51,Verdun,79,Superfície_serveis,6852
2025,8,Nou Barris,51,Verdun,80,Superfície_serveis,10570
2025,8,Nou Barris,51,Verdun,81,Superfície_serveis,5614
2025,8,Nou Barris,51,Verdun,82,Superfície_serveis,6437
2025,8,Nou Barris,52,la Prosperitat,83,Superfície_serveis,5937
2025,8,Nou Barris,52,la Prosperitat,84,Superfície_serveis,3768
2025,8,Nou Barris,52,la Prosperitat,85,Superfície_serveis,6910
2025,8,Nou Barris,52,la Prosperitat,86,Superfície_serveis,6752
2025,8,Nou Barris,52,la Prosperitat,87,Superfície_serveis,5386
2025,8,Nou Barris,52,la Prosperitat,88,Superfície_serveis,6627
2025,8,Nou Barris,52,la Prosperitat,89,Superfície_serveis,5198
2025,8,Nou Barris,52,la Prosperitat,90,Superfície_serveis,8458
2025,8,Nou Barris,52,la Prosperitat,91,Superfície_serveis,7794
2025,8,Nou Barris,52,la Prosperitat,92,Superfície_serveis,5503
2025,8,Nou Barris,52,la Prosperitat,93,Superfície_serveis,6367
2025,8,Nou Barris,52,la Prosperitat,94,Superfície_serveis,6653
2025,8,Nou Barris,52,la Prosperitat,95,Superfície_serveis,9727
2025,8,Nou Barris,52,la Prosperitat,96,Superfície_serveis,7846
2025,8,Nou Barris,52,la Prosperitat,97,Superfície_serveis,5528
2025,8,Nou Barris,52,la Prosperitat,98,Superfície_serveis,4785
2025,8,Nou Barris,52,la Prosperitat,99,Superfície_serveis,5019
2025,8,Nou Barris,52,la Prosperitat,100,Superfície_serveis,11185
2025,8,Nou Barris,52,la Prosperitat,101,Superfície_serveis,12446
2025,8,Nou Barris,52,la Prosperitat,102,Superfície_serveis,7980
2025,8,Nou Barris,53,la Trinitat Nova,103,Superfície_serveis,3044
2025,8,Nou Barris,53,la Trinitat Nova,104,Superfície_serveis,4107
2025,8,Nou Barris,53,la Trinitat Nova,105,Superfície_serveis,5296
2025,8,Nou Barris,53,la Trinitat Nova,106,Superfície_serveis,6967
2025,8,Nou Barris,53,la Trinitat Nova,107,Superfície_serveis,16894
2025,8,Nou Barris,54,Torre Baró,108,Superfície_serveis,16763
2025,8,Nou Barris,54,Torre Baró,109,Superfície_serveis,262
2025,8,Nou Barris,55,Ciutat Meridiana,110,Superfície_serveis,3946
2025,8,Nou Barris,55,Ciutat Meridiana,111,Superfície_serveis,4083
2025,8,Nou Barris,55,Ciutat Meridiana,112,Superfície_serveis,6729
2025,8,Nou Barris,55,Ciutat Meridiana,113,Superfície_serveis,4159
2025,8,Nou Barris,55,Ciutat Meridiana,114,Superfície_serveis,4124
2025,8,Nou Barris,55,Ciutat Meridiana,115,Superfície_serveis,5633
2025,8,Nou Barris,56,Vallbona,116,Superfície_serveis,9688
2025,9,Sant Andreu,57,la Trinitat Vella,1,Superfície_serveis,10244
2025,9,Sant Andreu,57,la Trinitat Vella,2,Superfície_serveis,8959
2025,9,Sant Andreu,57,la Trinitat Vella,3,Superfície_serveis,8194
2025,9,Sant Andreu,57,la Trinitat Vella,4,Superfície_serveis,6567
2025,9,Sant Andreu,57,la Trinitat Vella,5,Superfície_serveis,23561
2025,9,Sant Andreu,58,Baró de Viver,6,Superfície_serveis,6635
2025,9,Sant Andreu,58,Baró de Viver,7,Superfície_serveis,9557
2025,9,Sant Andreu,59,el Bon Pastor,8,Superfície_serveis,172575
2025,9,Sant Andreu,59,el Bon Pastor,9,Superfície_serveis,20566
2025,9,Sant Andreu,59,el Bon Pastor,10,Superfície_serveis,23245
2025,9,Sant Andreu,59,el Bon Pastor,11,Superfície_serveis,20581
2025,9,Sant Andreu,59,el Bon Pastor,13,Superfície_serveis,4714
2025,9,Sant Andreu,59,el Bon Pastor,14,Superfície_serveis,5364
2025,9,Sant Andreu,59,el Bon Pastor,15,Superfície_serveis,7483
2025,9,Sant Andreu,60,Sant Andreu,16,Superfície_serveis,4680
2025,9,Sant Andreu,60,Sant Andreu,17,Superfície_serveis,8080
2025,9,Sant Andreu,60,Sant Andreu,18,Superfície_serveis,6089
2025,9,Sant Andreu,60,Sant Andreu,19,Superfície_serveis,18643
2025,9,Sant Andreu,60,Sant Andreu,20,Superfície_serveis,5208
2025,9,Sant Andreu,60,Sant Andreu,21,Superfície_serveis,9752
2025,9,Sant Andreu,60,Sant Andreu,22,Superfície_serveis,5488
2025,9,Sant Andreu,60,Sant Andreu,23,Superfície_serveis,6335
2025,9,Sant Andreu,60,Sant Andreu,24,Superfície_serveis,5889
2025,9,Sant Andreu,60,Sant Andreu,25,Superfície_serveis,10578
2025,9,Sant Andreu,60,Sant Andreu,26,Superfície_serveis,10540
2025,9,Sant Andreu,60,Sant Andreu,27,Superfície_serveis,7696
2025,9,Sant Andreu,60,Sant Andreu,28,Superfície_serveis,26059
2025,9,Sant Andreu,60,Sant Andreu,29,Superfície_serveis,4807
2025,9,Sant Andreu,60,Sant Andreu,30,Superfície_serveis,13440
2025,9,Sant Andreu,60,Sant Andreu,31,Superfície_serveis,11903
2025,9,Sant Andreu,60,Sant Andreu,32,Superfície_serveis,32597
2025,9,Sant Andreu,60,Sant Andreu,33,Superfície_serveis,26122
2025,9,Sant Andreu,60,Sant Andreu,34,Superfície_serveis,5252
2025,9,Sant Andreu,60,Sant Andreu,35,Superfície_serveis,9327
2025,9,Sant Andreu,60,Sant Andreu,36,Superfície_serveis,9460
2025,9,Sant Andreu,60,Sant Andreu,37,Superfície_serveis,10008
2025,9,Sant Andreu,60,Sant Andreu,38,Superfície_serveis,17968
2025,9,Sant Andreu,60,Sant Andreu,39,Superfície_serveis,9003
2025,9,Sant Andreu,60,Sant Andreu,40,Superfície_serveis,14166
2025,9,Sant Andreu,60,Sant Andreu,41,Superfície_serveis,6324
2025,9,Sant Andreu,60,Sant Andreu,42,Superfície_serveis,7914
2025,9,Sant Andreu,60,Sant Andreu,43,Superfície_serveis,5706
2025,9,Sant Andreu,60,Sant Andreu,44,Superfície_serveis,9878
2025,9,Sant Andreu,60,Sant Andreu,45,Superfície_serveis,7922
2025,9,Sant Andreu,60,Sant Andreu,46,Superfície_serveis,10785
2025,9,Sant Andreu,60,Sant Andreu,47,Superfície_serveis,8485
2025,9,Sant Andreu,60,Sant Andreu,48,Superfície_serveis,7454
2025,9,Sant Andreu,60,Sant Andreu,49,Superfície_serveis,6922
2025,9,Sant Andreu,60,Sant Andreu,50,Superfície_serveis,7512
2025,9,Sant Andreu,60,Sant Andreu,51,Superfície_serveis,7480
2025,9,Sant Andreu,60,Sant Andreu,52,Superfície_serveis,9736
2025,9,Sant Andreu,60,Sant Andreu,53,Superfície_serveis,11823
2025,9,Sant Andreu,60,Sant Andreu,54,Superfície_serveis,8508
2025,9,Sant Andreu,61,la Sagrera,55,Superfície_serveis,10281
2025,9,Sant Andreu,61,la Sagrera,56,Superfície_serveis,8043
2025,9,Sant Andreu,61,la Sagrera,57,Superfície_serveis,7771
2025,9,Sant Andreu,61,la Sagrera,58,Superfície_serveis,13301
2025,9,Sant Andreu,61,la Sagrera,59,Superfície_serveis,9355
2025,9,Sant Andreu,61,la Sagrera,60,Superfície_serveis,9440
2025,9,Sant Andreu,61,la Sagrera,61,Superfície_serveis,19156
2025,9,Sant Andreu,61,la Sagrera,62,Superfície_serveis,16194
2025,9,Sant Andreu,61,la Sagrera,63,Superfície_serveis,22185
2025,9,Sant Andreu,61,la Sagrera,64,Superfície_serveis,7160
2025,9,Sant Andreu,61,la Sagrera,65,Superfície_serveis,8425
2025,9,Sant Andreu,61,la Sagrera,66,Superfície_serveis,13854
2025,9,Sant Andreu,61,la Sagrera,67,Superfície_serveis,12269
2025,9,Sant Andreu,61,la Sagrera,68,Superfície_serveis,16303
2025,9,Sant Andreu,61,la Sagrera,69,Superfície_serveis,7785
2025,9,Sant Andreu,61,la Sagrera,70,Superfície_serveis,4825
2025,9,Sant Andreu,61,la Sagrera,71,Superfície_serveis,10296
2025,9,Sant Andreu,61,la Sagrera,72,Superfície_serveis,4794
2025,9,Sant Andreu,61,la Sagrera,73,Superfície_serveis,5570
2025,9,Sant Andreu,61,la Sagrera,156,Superfície_serveis,5665
2025,9,Sant Andreu,62,el Congrés i els Indians,74,Superfície_serveis,6902
2025,9,Sant Andreu,62,el Congrés i els Indians,75,Superfície_serveis,5040
2025,9,Sant Andreu,62,el Congrés i els Indians,76,Superfície_serveis,7286
2025,9,Sant Andreu,62,el Congrés i els Indians,77,Superfície_serveis,9384
2025,9,Sant Andreu,62,el Congrés i els Indians,78,Superfície_serveis,8860
2025,9,Sant Andreu,62,el Congrés i els Indians,79,Superfície_serveis,8342
2025,9,Sant Andreu,62,el Congrés i els Indians,80,Superfície_serveis,9211
2025,9,Sant Andreu,62,el Congrés i els Indians,81,Superfície_serveis,12693
2025,9,Sant Andreu,62,el Congrés i els Indians,82,Superfície_serveis,20196
2025,9,Sant Andreu,63,Navas,83,Superfície_serveis,8162
2025,9,Sant Andreu,63,Navas,84,Superfície_serveis,11148
2025,9,Sant Andreu,63,Navas,85,Superfície_serveis,8734
2025,9,Sant Andreu,63,Navas,86,Superfície_serveis,6874
2025,9,Sant Andreu,63,Navas,87,Superfície_serveis,7832
2025,9,Sant Andreu,63,Navas,88,Superfície_serveis,18322
2025,9,Sant Andreu,63,Navas,89,Superfície_serveis,9210
2025,9,Sant Andreu,63,Navas,90,Superfície_serveis,7109
2025,9,Sant Andreu,63,Navas,91,Superfície_serveis,9365
2025,9,Sant Andreu,63,Navas,92,Superfície_serveis,9748
2025,9,Sant Andreu,63,Navas,93,Superfície_serveis,10956
2025,9,Sant Andreu,63,Navas,94,Superfície_serveis,11809
2025,9,Sant Andreu,63,Navas,95,Superfície_serveis,19559
2025,10,Sant Martí,64,el Camp de l'Arpa del Clot,1,Superfície_serveis,12908
2025,10,Sant Martí,64,el Camp de l'Arpa del Clot,2,Superfície_serveis,10584
2025,10,Sant Martí,64,el Camp de l'Arpa del Clot,3,Superfície_serveis,11545
2025,10,Sant Martí,64,el Camp de l'Arpa del Clot,4,Superfície_serveis,10976
2025,10,Sant Martí,64,el Camp de l'Arpa del Clot,5,Superfície_serveis,9649
2025,10,Sant Martí,64,el Camp de l'Arpa del Clot,6,Superfície_serveis,11348
2025,10,Sant Martí,64,el Camp de l'Arpa del Clot,7,Superfície_serveis,14479
2025,10,Sant Martí,64,el Camp de l'Arpa del Clot,8,Superfície_serveis,9736
2025,10,Sant Martí,64,el Camp de l'Arpa del Clot,9,Superfície_serveis,7732
2025,10,Sant Martí,64,el Camp de l'Arpa del Clot,10,Superfície_serveis,8454
2025,10,Sant Martí,64,el Camp de l'Arpa del Clot,11,Superfície_serveis,7046
2025,10,Sant Martí,64,el Camp de l'Arpa del Clot,12,Superfície_serveis,10830
2025,10,Sant Martí,64,el Camp de l'Arpa del Clot,13,Superfície_serveis,8123
2025,10,Sant Martí,64,el Camp de l'Arpa del Clot,14,Superfície_serveis,6957
2025,10,Sant Martí,64,el Camp de l'Arpa del Clot,15,Superfície_serveis,12270
2025,10,Sant Martí,64,el Camp de l'Arpa del Clot,16,Superfície_serveis,11250
2025,10,Sant Martí,64,el Camp de l'Arpa del Clot,17,Superfície_serveis,12323
2025,10,Sant Martí,64,el Camp de l'Arpa del Clot,18,Superfície_serveis,10267
2025,10,Sant Martí,64,el Camp de l'Arpa del Clot,19,Superfície_serveis,8714
2025,10,Sant Martí,64,el Camp de l'Arpa del Clot,20,Superfície_serveis,3501
2025,10,Sant Martí,64,el Camp de l'Arpa del Clot,21,Superfície_serveis,6297
2025,10,Sant Martí,64,el Camp de l'Arpa del Clot,22,Superfície_serveis,7399
2025,10,Sant Martí,64,el Camp de l'Arpa del Clot,23,Superfície_serveis,6727
2025,10,Sant Martí,64,el Camp de l'Arpa del Clot,24,Superfície_serveis,11436
2025,10,Sant Martí,64,el Camp de l'Arpa del Clot,25,Superfície_serveis,7523
2025,10,Sant Martí,65,el Clot,26,Superfície_serveis,15333
2025,10,Sant Martí,65,el Clot,27,Superfície_serveis,9070
2025,10,Sant Martí,65,el Clot,28,Superfície_serveis,8379
2025,10,Sant Martí,65,el Clot,29,Superfície_serveis,6238
2025,10,Sant Martí,65,el Clot,30,Superfície_serveis,10699
2025,10,Sant Martí,65,el Clot,31,Superfície_serveis,8538
2025,10,Sant Martí,65,el Clot,32,Superfície_serveis,11808
2025,10,Sant Martí,65,el Clot,33,Superfície_serveis,6566
2025,10,Sant Martí,65,el Clot,34,Superfície_serveis,7800
2025,10,Sant Martí,65,el Clot,35,Superfície_serveis,12659
2025,10,Sant Martí,65,el Clot,36,Superfície_serveis,9023
2025,10,Sant Martí,65,el Clot,37,Superfície_serveis,3817
2025,10,Sant Martí,65,el Clot,38,Superfície_serveis,10338
2025,10,Sant Martí,65,el Clot,39,Superfície_serveis,11968
2025,10,Sant Martí,65,el Clot,40,Superfície_serveis,9547
2025,10,Sant Martí,65,el Clot,41,Superfície_serveis,8893
2025,10,Sant Martí,65,el Clot,234,Superfície_serveis,7934
2025,10,Sant Martí,66,el Parc i la Llacuna del Poblenou,42,Superfície_serveis,80225
2025,10,Sant Martí,66,el Parc i la Llacuna del Poblenou,43,Superfície_serveis,86485
2025,10,Sant Martí,66,el Parc i la Llacuna del Poblenou,44,Superfície_serveis,13676
2025,10,Sant Martí,66,el Parc i la Llacuna del Poblenou,45,Superfície_serveis,10228
2025,10,Sant Martí,66,el Parc i la Llacuna del Poblenou,46,Superfície_serveis,11129
2025,10,Sant Martí,66,el Parc i la Llacuna del Poblenou,47,Superfície_serveis,7861
2025,10,Sant Martí,66,el Parc i la Llacuna del Poblenou,48,Superfície_serveis,13197
2025,10,Sant Martí,66,el Parc i la Llacuna del Poblenou,49,Superfície_serveis,9320
2025,10,Sant Martí,66,el Parc i la Llacuna del Poblenou,50,Superfície_serveis,12853
2025,10,Sant Martí,67,la Vila Olímpica del Poblenou,51,Superfície_serveis,13207
2025,10,Sant Martí,67,la Vila Olímpica del Poblenou,52,Superfície_serveis,33134
2025,10,Sant Martí,67,la Vila Olímpica del Poblenou,53,Superfície_serveis,37438
2025,10,Sant Martí,67,la Vila Olímpica del Poblenou,54,Superfície_serveis,10166
2025,10,Sant Martí,67,la Vila Olímpica del Poblenou,55,Superfície_serveis,62618
2025,10,Sant Martí,68,el Poblenou,56,Superfície_serveis,29055
2025,10,Sant Martí,68,el Poblenou,57,Superfície_serveis,17851
2025,10,Sant Martí,68,el Poblenou,58,Superfície_serveis,30380
2025,10,Sant Martí,68,el Poblenou,59,Superfície_serveis,24421
2025,10,Sant Martí,68,el Poblenou,60,Superfície_serveis,11476
2025,10,Sant Martí,68,el Poblenou,61,Superfície_serveis,22775
2025,10,Sant Martí,68,el Poblenou,62,Superfície_serveis,11169
2025,10,Sant Martí,68,el Poblenou,63,Superfície_serveis,7730
2025,10,Sant Martí,68,el Poblenou,64,Superfície_serveis,13585
2025,10,Sant Martí,68,el Poblenou,65,Superfície_serveis,10496
2025,10,Sant Martí,68,el Poblenou,66,Superfície_serveis,14700
2025,10,Sant Martí,68,el Poblenou,67,Superfície_serveis,25949
2025,10,Sant Martí,68,el Poblenou,68,Superfície_serveis,19539
2025,10,Sant Martí,68,el Poblenou,69,Superfície_serveis,41698
2025,10,Sant Martí,68,el Poblenou,70,Superfície_serveis,18429
2025,10,Sant Martí,68,el Poblenou,71,Superfície_serveis,10461
2025,10,Sant Martí,68,el Poblenou,72,Superfície_serveis,14645
2025,10,Sant Martí,68,el Poblenou,73,Superfície_serveis,6115
2025,10,Sant Martí,68,el Poblenou,74,Superfície_serveis,9618
2025,10,Sant Martí,68,el Poblenou,75,Superfície_serveis,8128
2025,10,Sant Martí,69,Diagonal Mar i el Front Marítim del Poblenou,76,Superfície_serveis,40783
2025,10,Sant Martí,69,Diagonal Mar i el Front Marítim del Poblenou,77,Superfície_serveis,19662
2025,10,Sant Martí,69,Diagonal Mar i el Front Marítim del Poblenou,78,Superfície_serveis,52930
2025,10,Sant Martí,69,Diagonal Mar i el Front Marítim del Poblenou,79,Superfície_serveis,8096
2025,10,Sant Martí,69,Diagonal Mar i el Front Marítim del Poblenou,80,Superfície_serveis,109476
2025,10,Sant Martí,69,Diagonal Mar i el Front Marítim del Poblenou,235,Superfície_serveis,12618
2025,10,Sant Martí,69,Diagonal Mar i el Front Marítim del Poblenou,236,Superfície_serveis,7456
2025,10,Sant Martí,70,el Besòs i el Maresme,81,Superfície_serveis,32539
2025,10,Sant Martí,70,el Besòs i el Maresme,82,Superfície_serveis,4509
2025,10,Sant Martí,70,el Besòs i el Maresme,83,Superfície_serveis,3543
2025,10,Sant Martí,70,el Besòs i el Maresme,84,Superfície_serveis,7230
2025,10,Sant Martí,70,el Besòs i el Maresme,85,Superfície_serveis,7897
2025,10,Sant Martí,70,el Besòs i el Maresme,86,Superfície_serveis,7512
2025,10,Sant Martí,70,el Besòs i el Maresme,87,Superfície_serveis,6720
2025,10,Sant Martí,70,el Besòs i el Maresme,88,Superfície_serveis,8458
2025,10,Sant Martí,70,el Besòs i el Maresme,89,Superfície_serveis,8231
2025,10,Sant Martí,70,el Besòs i el Maresme,90,Superfície_serveis,3293
2025,10,Sant Martí,70,el Besòs i el Maresme,91,Superfície_serveis,8003
2025,10,Sant Martí,70,el Besòs i el Maresme,92,Superfície_serveis,5121
2025,10,Sant Martí,70,el Besòs i el Maresme,93,Superfície_serveis,28007
2025,10,Sant Martí,71,Provençals del Poblenou,94,Superfície_serveis,55973
2025,10,Sant Martí,71,Provençals del Poblenou,95,Superfície_serveis,18613
2025,10,Sant Martí,71,Provençals del Poblenou,96,Superfície_serveis,18846
2025,10,Sant Martí,71,Provençals del Poblenou,97,Superfície_serveis,15404
2025,10,Sant Martí,71,Provençals del Poblenou,98,Superfície_serveis,8590
2025,10,Sant Martí,71,Provençals del Poblenou,99,Superfície_serveis,5919
2025,10,Sant Martí,71,Provençals del Poblenou,100,Superfície_serveis,21891
2025,10,Sant Martí,71,Provençals del Poblenou,101,Superfície_serveis,43310
2025,10,Sant Martí,71,Provençals del Poblenou,102,Superfície_serveis,8398
2025,10,Sant Martí,71,Provençals del Poblenou,103,Superfície_serveis,10479
2025,10,Sant Martí,71,Provençals del Poblenou,104,Superfície_serveis,13398
2025,10,Sant Martí,71,Provençals del Poblenou,237,Superfície_serveis,6915
2025,10,Sant Martí,72,Sant Martí de Provençals,105,Superfície_serveis,13235
2025,10,Sant Martí,72,Sant Martí de Provençals,106,Superfície_serveis,6224
2025,10,Sant Martí,72,Sant Martí de Provençals,107,Superfície_serveis,4680
2025,10,Sant Martí,72,Sant Martí de Provençals,108,Superfície_serveis,5834
2025,10,Sant Martí,72,Sant Martí de Provençals,109,Superfície_serveis,7204
2025,10,Sant Martí,72,Sant Martí de Provençals,110,Superfície_serveis,13156
2025,10,Sant Martí,72,Sant Martí de Provençals,111,Superfície_serveis,8349
2025,10,Sant Martí,72,Sant Martí de Provençals,112,Superfície_serveis,16498
2025,10,Sant Martí,72,Sant Martí de Provençals,113,Superfície_serveis,7760
2025,10,Sant Martí,72,Sant Martí de Provençals,114,Superfície_serveis,10061
2025,10,Sant Martí,72,Sant Martí de Provençals,115,Superfície_serveis,10293
2025,10,Sant Martí,72,Sant Martí de Provençals,116,Superfície_serveis,6581
2025,10,Sant Martí,72,Sant Martí de Provençals,117,Superfície_serveis,5944
2025,10,Sant Martí,72,Sant Martí de Provençals,118,Superfície_serveis,6324
2025,10,Sant Martí,72,Sant Martí de Provençals,119,Superfície_serveis,5758
2025,10,Sant Martí,72,Sant Martí de Provençals,120,Superfície_serveis,12020
2025,10,Sant Martí,72,Sant Martí de Provençals,121,Superfície_serveis,11365
2025,10,Sant Martí,72,Sant Martí de Provençals,122,Superfície_serveis,10951
2025,10,Sant Martí,73,la Verneda i la Pau,123,Superfície_serveis,7285
2025,10,Sant Martí,73,la Verneda i la Pau,124,Superfície_serveis,10187
2025,10,Sant Martí,73,la Verneda i la Pau,125,Superfície_serveis,4245
2025,10,Sant Martí,73,la Verneda i la Pau,126,Superfície_serveis,6330
2025,10,Sant Martí,73,la Verneda i la Pau,127,Superfície_serveis,9124
2025,10,Sant Martí,73,la Verneda i la Pau,128,Superfície_serveis,7473
2025,10,Sant Martí,73,la Verneda i la Pau,129,Superfície_serveis,4646
2025,10,Sant Martí,73,la Verneda i la Pau,130,Superfície_serveis,8544
2025,10,Sant Martí,73,la Verneda i la Pau,131,Superfície_serveis,10154
2025,10,Sant Martí,73,la Verneda i la Pau,132,Superfície_serveis,5442
2025,10,Sant Martí,73,la Verneda i la Pau,133,Superfície_serveis,6496
2025,10,Sant Martí,73,la Verneda i la Pau,134,Superfície_serveis,6592
2025,10,Sant Martí,73,la Verneda i la Pau,135,Superfície_serveis,5910
2025,10,Sant Martí,73,la Verneda i la Pau,136,Superfície_serveis,6565
2025,10,Sant Martí,73,la Verneda i la Pau,137,Superfície_serveis,10814
2025,10,Sant Martí,73,la Verneda i la Pau,138,Superfície_serveis,33908
2025,10,Sant Martí,73,la Verneda i la Pau,139,Superfície_serveis,6435
2025,10,Sant Martí,73,la Verneda i la Pau,140,Superfície_serveis,10656
2025,10,Sant Martí,73,la Verneda i la Pau,141,Superfície_serveis,9513
2025,10,Sant Martí,73,la Verneda i la Pau,142,Superfície_serveis,12634
2025,10,Sant Martí,73,la Verneda i la Pau,143,Superfície_serveis,13559
